{"epoch": 0, "stats_g/std": 0.09756967425346375, "train/episode": 100.0, "train/success_rate": 0.03399999830871821, "test/mean_Q": -3.016878843307495, "test/success_rate": 0.010000000149011612, "stats_g/mean": 0.852824866771698, "stats_o/mean": 0.203661248087883, "test/episode": 20.0, "stats_o/std": 0.0450303740799427}
{"epoch": 1, "stats_g/std": 0.09820092469453812, "train/episode": 200.0, "train/success_rate": 0.03799999877810478, "test/mean_Q": -4.908848762512207, "test/success_rate": 0.05000000074505806, "stats_g/mean": 0.8540679812431335, "stats_o/mean": 0.20378193259239197, "test/episode": 40.0, "stats_o/std": 0.04586884006857872}
{"epoch": 2, "stats_g/std": 0.09874238818883896, "train/episode": 300.0, "train/success_rate": 0.029999997466802597, "test/mean_Q": -6.871516227722168, "test/success_rate": 0.03500000052154064, "stats_g/mean": 0.8535418510437012, "stats_o/mean": 0.2037755250930786, "test/episode": 60.0, "stats_o/std": 0.04684988036751747}
{"epoch": 3, "stats_g/std": 0.10008883476257324, "train/episode": 400.0, "train/success_rate": 0.04800000041723251, "test/mean_Q": -8.147965431213379, "test/success_rate": 0.08500000163912773, "stats_g/mean": 0.8529835939407349, "stats_o/mean": 0.20363697409629822, "test/episode": 80.0, "stats_o/std": 0.050973761826753616}
{"epoch": 4, "stats_g/std": 0.10132869333028793, "train/episode": 500.0, "train/success_rate": 0.05000000074505806, "test/mean_Q": -9.52013874053955, "test/success_rate": 0.0949999988079071, "stats_g/mean": 0.852816104888916, "stats_o/mean": 0.20364876091480255, "test/episode": 100.0, "stats_o/std": 0.05423108488321304}
{"epoch": 5, "stats_g/std": 0.10276136547327042, "train/episode": 600.0, "train/success_rate": 0.07099999487400055, "test/mean_Q": -10.659897804260254, "test/success_rate": 0.125, "stats_g/mean": 0.8523041009902954, "stats_o/mean": 0.2034216821193695, "test/episode": 120.0, "stats_o/std": 0.058315567672252655}
{"epoch": 6, "stats_g/std": 0.10362368822097778, "train/episode": 700.0, "train/success_rate": 0.11600001156330109, "test/mean_Q": -10.923389434814453, "test/success_rate": 0.19499999284744263, "stats_g/mean": 0.852629542350769, "stats_o/mean": 0.20341745018959045, "test/episode": 140.0, "stats_o/std": 0.06182214617729187}
{"epoch": 7, "stats_g/std": 0.10385046154260635, "train/episode": 800.0, "train/success_rate": 0.15299999713897705, "test/mean_Q": -10.985063552856445, "test/success_rate": 0.27500003576278687, "stats_g/mean": 0.8531800508499146, "stats_o/mean": 0.20330631732940674, "test/episode": 160.0, "stats_o/std": 0.06504576653242111}
{"epoch": 8, "stats_g/std": 0.10383868217468262, "train/episode": 900.0, "train/success_rate": 0.22300000488758087, "test/mean_Q": -12.161702156066895, "test/success_rate": 0.2850000262260437, "stats_g/mean": 0.8534531593322754, "stats_o/mean": 0.20353761315345764, "test/episode": 180.0, "stats_o/std": 0.06734581291675568}
{"epoch": 9, "stats_g/std": 0.10376729816198349, "train/episode": 1000.0, "train/success_rate": 0.23499998450279236, "test/mean_Q": -12.346441268920898, "test/success_rate": 0.3449999988079071, "stats_g/mean": 0.8534870147705078, "stats_o/mean": 0.20356373488903046, "test/episode": 200.0, "stats_o/std": 0.06961867213249207}
{"epoch": 10, "stats_g/std": 0.10368342697620392, "train/episode": 1100.0, "train/success_rate": 0.2939999997615814, "test/mean_Q": -12.811116218566895, "test/success_rate": 0.375, "stats_g/mean": 0.8537171483039856, "stats_o/mean": 0.20370487868785858, "test/episode": 220.0, "stats_o/std": 0.07132313400506973}
{"epoch": 11, "stats_g/std": 0.1038382276892662, "train/episode": 1200.0, "train/success_rate": 0.3019999861717224, "test/mean_Q": -13.273178100585938, "test/success_rate": 0.38499999046325684, "stats_g/mean": 0.8535641431808472, "stats_o/mean": 0.20383672416210175, "test/episode": 240.0, "stats_o/std": 0.07296112179756165}
{"epoch": 12, "stats_g/std": 0.10381235927343369, "train/episode": 1300.0, "train/success_rate": 0.33400002121925354, "test/mean_Q": -13.512232780456543, "test/success_rate": 0.41999998688697815, "stats_g/mean": 0.8537289500236511, "stats_o/mean": 0.20393523573875427, "test/episode": 260.0, "stats_o/std": 0.07442741096019745}
{"epoch": 13, "stats_g/std": 0.10427214205265045, "train/episode": 1400.0, "train/success_rate": 0.3190000057220459, "test/mean_Q": -13.273109436035156, "test/success_rate": 0.45500001311302185, "stats_g/mean": 0.8536836504936218, "stats_o/mean": 0.2041887789964676, "test/episode": 280.0, "stats_o/std": 0.07591257989406586}
{"epoch": 14, "stats_g/std": 0.10474350303411484, "train/episode": 1500.0, "train/success_rate": 0.3610000014305115, "test/mean_Q": -13.293066024780273, "test/success_rate": 0.4649999737739563, "stats_g/mean": 0.8535264134407043, "stats_o/mean": 0.20438437163829803, "test/episode": 300.0, "stats_o/std": 0.07782763242721558}
{"epoch": 15, "stats_g/std": 0.10579852014780045, "train/episode": 1600.0, "train/success_rate": 0.3540000021457672, "test/mean_Q": -12.223196029663086, "test/success_rate": 0.5199999809265137, "stats_g/mean": 0.8536718487739563, "stats_o/mean": 0.2046469897031784, "test/episode": 320.0, "stats_o/std": 0.0795011818408966}
{"epoch": 16, "stats_g/std": 0.10635993629693985, "train/episode": 1700.0, "train/success_rate": 0.367000013589859, "test/mean_Q": -11.559767723083496, "test/success_rate": 0.44999998807907104, "stats_g/mean": 0.8539193272590637, "stats_o/mean": 0.2048279047012329, "test/episode": 340.0, "stats_o/std": 0.08107257634401321}
{"epoch": 17, "stats_g/std": 0.10713519901037216, "train/episode": 1800.0, "train/success_rate": 0.3699999749660492, "test/mean_Q": -11.38216495513916, "test/success_rate": 0.44999998807907104, "stats_g/mean": 0.8545177578926086, "stats_o/mean": 0.20485500991344452, "test/episode": 360.0, "stats_o/std": 0.0823751762509346}
{"epoch": 18, "stats_g/std": 0.10778725147247314, "train/episode": 1900.0, "train/success_rate": 0.41499996185302734, "test/mean_Q": -10.791929244995117, "test/success_rate": 0.4449999928474426, "stats_g/mean": 0.855085015296936, "stats_o/mean": 0.20489101111888885, "test/episode": 380.0, "stats_o/std": 0.08355272561311722}
{"epoch": 19, "stats_g/std": 0.10825095325708389, "train/episode": 2000.0, "train/success_rate": 0.4189999997615814, "test/mean_Q": -9.361909866333008, "test/success_rate": 0.559999942779541, "stats_g/mean": 0.8556734919548035, "stats_o/mean": 0.2049866020679474, "test/episode": 400.0, "stats_o/std": 0.08456996083259583}
{"epoch": 20, "stats_g/std": 0.10823075473308563, "train/episode": 2100.0, "train/success_rate": 0.4180000424385071, "test/mean_Q": -10.986978530883789, "test/success_rate": 0.5249999761581421, "stats_g/mean": 0.8562281727790833, "stats_o/mean": 0.20503166317939758, "test/episode": 420.0, "stats_o/std": 0.08510436117649078}
{"epoch": 21, "stats_g/std": 0.10832178592681885, "train/episode": 2200.0, "train/success_rate": 0.4269999861717224, "test/mean_Q": -9.523784637451172, "test/success_rate": 0.5699999928474426, "stats_g/mean": 0.856681227684021, "stats_o/mean": 0.2051279991865158, "test/episode": 440.0, "stats_o/std": 0.08544375747442245}
{"epoch": 22, "stats_g/std": 0.10831471532583237, "train/episode": 2300.0, "train/success_rate": 0.42899999022483826, "test/mean_Q": -10.850143432617188, "test/success_rate": 0.5049999952316284, "stats_g/mean": 0.8570941090583801, "stats_o/mean": 0.20521476864814758, "test/episode": 460.0, "stats_o/std": 0.08556406199932098}
{"epoch": 23, "stats_g/std": 0.108498215675354, "train/episode": 2400.0, "train/success_rate": 0.437999963760376, "test/mean_Q": -9.234251022338867, "test/success_rate": 0.5900000333786011, "stats_g/mean": 0.8578370213508606, "stats_o/mean": 0.20536713302135468, "test/episode": 480.0, "stats_o/std": 0.0857943445444107}
{"epoch": 24, "stats_g/std": 0.10889849811792374, "train/episode": 2500.0, "train/success_rate": 0.4180000424385071, "test/mean_Q": -9.84135913848877, "test/success_rate": 0.5449999570846558, "stats_g/mean": 0.8586933016777039,