{"train/episode": 100.0, "epoch": 0, "test/success_rate": 0.005000000074505806, "stats_o/std": 0.06204075366258621, "train/success_rate": 0.0009999999776482583, "test/mean_Q": -3.1154515743255615, "stats_g/mean": 0.7457461953163147, "stats_g/std": 0.11887218058109283, "test/episode": 20.0, "stats_o/mean": 0.1644674837589264}
{"train/episode": 200.0, "epoch": 1, "test/success_rate": 0.0, "stats_o/std": 0.05934106558561325, "train/success_rate": 0.0009999999776482583, "test/mean_Q": -5.189523220062256, "stats_g/mean": 0.7434619069099426, "stats_g/std": 0.11719485372304916, "test/episode": 40.0, "stats_o/mean": 0.16508749127388}
{"train/episode": 300.0, "epoch": 2, "test/success_rate": 0.010000000149011612, "stats_o/std": 0.06113452836871147, "train/success_rate": 0.0009999999776482583, "test/mean_Q": -7.1679792404174805, "stats_g/mean": 0.7426643967628479, "stats_g/std": 0.11979168653488159, "test/episode": 60.0, "stats_o/mean": 0.16507889330387115}
{"train/episode": 400.0, "epoch": 3, "test/success_rate": 0.010000000149011612, "stats_o/std": 0.06243450194597244, "train/success_rate": 0.004999999888241291, "test/mean_Q": -9.056687355041504, "stats_g/mean": 0.7433637976646423, "stats_g/std": 0.12210168689489365, "test/episode": 80.0, "stats_o/mean": 0.16535291075706482}
{"train/episode": 500.0, "epoch": 4, "test/success_rate": 0.0, "stats_o/std": 0.06401975452899933, "train/success_rate": 0.004999999888241291, "test/mean_Q": -11.049019813537598, "stats_g/mean": 0.7443068027496338, "stats_g/std": 0.1261761337518692, "test/episode": 100.0, "stats_o/mean": 0.16566786170005798}
{"train/episode": 600.0, "epoch": 5, "test/success_rate": 0.020000000298023225, "stats_o/std": 0.06679889559745789, "train/success_rate": 0.009999999776482582, "test/mean_Q": -12.255069732666016, "stats_g/mean": 0.745284378528595, "stats_g/std": 0.13073809444904327, "test/episode": 120.0, "stats_o/mean": 0.16595359146595}
{"train/episode": 700.0, "epoch": 6, "test/success_rate": 0.045000001415610315, "stats_o/std": 0.07064903527498245, "train/success_rate": 0.008999999240040779, "test/mean_Q": -13.377830505371094, "stats_g/mean": 0.7476511001586914, "stats_g/std": 0.13875947892665863, "test/episode": 140.0, "stats_o/mean": 0.16664718091487885}
{"train/episode": 800.0, "epoch": 7, "test/success_rate": 0.05000000074505806, "stats_o/std": 0.07381521165370941, "train/success_rate": 0.01899999938905239, "test/mean_Q": -14.170025825500488, "stats_g/mean": 0.7509982585906982, "stats_g/std": 0.14459331333637238, "test/episode": 160.0, "stats_o/mean": 0.16753460466861725}
{"train/episode": 900.0, "epoch": 8, "test/success_rate": 0.11000000014901161, "stats_o/std": 0.07789228111505508, "train/success_rate": 0.038999997079372406, "test/mean_Q": -13.811111450195312, "stats_g/mean": 0.7536702156066895, "stats_g/std": 0.15078294277191162, "test/episode": 180.0, "stats_o/mean": 0.16832326352596283}
{"train/episode": 1000.0, "epoch": 9, "test/success_rate": 0.0949999988079071, "stats_o/std": 0.08070393651723862, "train/success_rate": 0.049000002443790436, "test/mean_Q": -14.36706256866455, "stats_g/mean": 0.7566361427307129, "stats_g/std": 0.15560780465602875, "test/episode": 200.0, "stats_o/mean": 0.16915954649448395}
{"train/episode": 1100.0, "epoch": 10, "test/success_rate": 0.10999999940395355, "stats_o/std": 0.083456851541996, "train/success_rate": 0.07000000029802322, "test/mean_Q": -13.010907173156738, "stats_g/mean": 0.7594091296195984, "stats_g/std": 0.16035272181034088, "test/episode": 220.0, "stats_o/mean": 0.1700083315372467}
{"train/episode": 1200.0, "epoch": 11, "test/success_rate": 0.10999999940395355, "stats_o/std": 0.08592545241117477, "train/success_rate": 0.05700000002980232, "test/mean_Q": -13.731030464172363, "stats_g/mean": 0.762373149394989, "stats_g/std": 0.16445936262607574, "test/episode": 240.0, "stats_o/mean": 0.1705990433692932}
{"train/episode": 1300.0, "epoch": 12, "test/success_rate": 0.1850000023841858, "stats_o/std": 0.08750399947166443, "train/success_rate": 0.08500000089406967, "test/mean_Q": -13.947000503540039, "stats_g/mean": 0.766087532043457, "stats_g/std": 0.16650645434856415, "test/episode": 260.0, "stats_o/mean": 0.17121896147727966}
{"train/episode": 1400.0, "epoch": 13, "test/success_rate": 0.1899999976158142, "stats_o/std": 0.08847836405038834, "train/success_rate": 0.09399999678134918, "test/mean_Q": -13.45500659942627, "stats_g/mean": 0.7692162990570068, "stats_g/std": 0.16804669797420502, "test/episode": 280.0, "stats_o/mean": 0.17189018428325653}
{"train/episode": 1500.0, "epoch": 14, "test/success_rate": 0.25, "stats_o/std": 0.08873996138572693, "train/success_rate": 0.09600000083446503, "test/mean_Q": -12.98884391784668, "stats_g/mean": 0.7712166905403137, "stats_g/std": 0.16878698766231537, "test/episode": 300.0, "stats_o/mean": 0.1723739057779312}
{"train/episode": 1600.0, "epoch": 15, "test/success_rate": 0.3149999976158142, "stats_o/std": 0.08866695314645767, "train/success_rate": 0.10499999672174454, "test/mean_Q": -13.0548677444458, "stats_g/mean": 0.773304283618927, "stats_g/std": 0.1686491221189499, "test/episode": 320.0, "stats_o/mean": 0.1729585826396942}
{"train/episode": 1700.0, "epoch": 16, "test/success_rate": 0.25, "stats_o/std": 0.08874177187681198, "train/success_rate": 0.0860000029206276, "test/mean_Q": -15.316522598266602, "stats_g/mean": 0.7752284407615662, "stats_g/std": 0.16876649856567383, "test/episode": 340.0, "stats_o/mean": 0.17346161603927612}
{"train/episode": 1800.0, "epoch": 17, "test/success_rate": 0.3149999976158142, "stats_o/std": 0.08898402005434036, "train/success_rate": 0.11599999666213989, "test/mean_Q": -13.430801391601562, "stats_g/mean": 0.7770869135856628, "stats_g/std": 0.16915851831436157, "test/episode": 360.0, "stats_o/mean": 0.1739325374364853}
{"train/episode": 1900.0, "epoch": 18, "test/success_rate": 0.37000003457069397, "stats_o/std": 0.08955372869968414, "train/success_rate": 0.11800000816583633, "test/mean_Q": -13.500597953796387, "stats_g/mean": 0.779529869556427, "stats_g/std": 0.1702789068222046, "test/episode": 380.0, "stats_o/mean": 0.17465990781784058}
{"train/episode": 2000.0, "epoch": 19, "test/success_rate": 0.3499999940395355, "stats_o/std": 0.08969389647245407, "train/success_rate": 0.13499999046325684, "test/mean_Q": -13.522430419921875, "stats_g/mean": 0.7812620997428894, "stats_g/std": 0.17081135511398315, "test/episode": 400.0, "stats_o/mean": 0.17518778145313263}
{"train/episode": 2100.0, "epoch": 20, "test/success_rate": 0.48499998450279236, "stats_o/std": 0.08983898907899857, "train/success_rate": 0.14800000190734863, "test/mean_Q": -12.094306945800781, "stats_g/mean": 0.7831101417541504, "stats_g/std": 0.1710277795791626, "test/episode": 420.0, "stats_o/mean": 0.1757693886756897}
{"train/episode": 2200.0, "epoch": 21, "test/success_rate": 0.5399999618530273, "stats_o/std": 0.09018073230981827, "train/success_rate": 0.1730000078678131, "test/mean_Q": -11.732951164245605, "stats_g/mean": 0.7849388122558594, "stats_g/std": 0.17117111384868622, "test/episode": 440.0, "stats_o/mean": 0.17631229758262634}
{"train/episode": 2300.0, "epoch": 22, "test/success_rate": 0.42500001192092896, "stats_o/std": 0.09044193476438522, "train/success_rate": 0.17599999904632568, "test/mean_Q": -11.818514823913574, "stats_g/mean": 0.7866296172142029, "stats_g/std": 0.17135637998580933, "test/episode": 460.0, "stats_o/mean": 0.17684397101402283}
{"train/episode": 2400.0, "epoch": 23, "test/success_rate": 0.4150000214576721, "stats_o/std": 0.09055940806865692, "train/success_rate": 0.14900000393390656, "test/mean_Q": -12.89503002166748, "stats_g/mean": 0.7887257933616638, "stats_g/std": 0.17119300365447998, "test/episode": 480.0, "stats_o/mean": 0.17736385762691498}
{"train/episode": 2500.0, "epoch": 24, "test/success_rate": 0.4749999940395355, "stats_o/std": 0.09066902101039886, "train/success_rate": 0.17499999701976776, "test/mean_Q": -11.885872840881348, "stats_g/mean": 0.7905771732330322,