{"stats_o/std": 0.04786588251590729, "test/success_rate": 0.0, "test/episode": 20.0, "stats_g/std": 0.18167941272258759, "stats_o/mean": 0.20240572094917297, "train/episode": 100.0, "stats_g/mean": 0.8718464970588684, "epoch": 0, "test/mean_Q": -3.0553455352783203, "train/success_rate": 0.0}
{"stats_o/std": 0.04680829122662544, "test/success_rate": 0.0, "test/episode": 40.0, "stats_g/std": 0.17345821857452393, "stats_o/mean": 0.20279648900032043, "train/episode": 200.0, "stats_g/mean": 0.8745347261428833, "epoch": 1, "test/mean_Q": -5.18389892578125, "train/success_rate": 0.0}
{"stats_o/std": 0.04555319622159004, "test/success_rate": 0.0, "test/episode": 60.0, "stats_g/std": 0.1652696132659912, "stats_o/mean": 0.20281152427196503, "train/episode": 300.0, "stats_g/mean": 0.8757063746452332, "epoch": 2, "test/mean_Q": -7.347999572753906, "train/success_rate": 0.0}
{"stats_o/std": 0.04480070620775223, "test/success_rate": 0.0, "test/episode": 80.0, "stats_g/std": 0.160344660282135, "stats_o/mean": 0.20307433605194092, "train/episode": 400.0, "stats_g/mean": 0.8772123456001282, "epoch": 3, "test/mean_Q": -9.519355773925781, "train/success_rate": 0.0}
{"stats_o/std": 0.04416846111416817, "test/success_rate": 0.0, "test/episode": 100.0, "stats_g/std": 0.1566111445426941, "stats_o/mean": 0.20320114493370056, "train/episode": 500.0, "stats_g/mean": 0.8779803514480591, "epoch": 4, "test/mean_Q": -11.603843688964844, "train/success_rate": 0.0}
{"stats_o/std": 0.04370018094778061, "test/success_rate": 0.0, "test/episode": 120.0, "stats_g/std": 0.15363629162311554, "stats_o/mean": 0.2034130096435547, "train/episode": 600.0, "stats_g/mean": 0.8788854479789734, "epoch": 5, "test/mean_Q": -13.730535507202148, "train/success_rate": 0.0}
{"stats_o/std": 0.043419141322374344, "test/success_rate": 0.0, "test/episode": 140.0, "stats_g/std": 0.15159158408641815, "stats_o/mean": 0.20349116623401642, "train/episode": 700.0, "stats_g/mean": 0.8793231248855591, "epoch": 6, "test/mean_Q": -15.704206466674805, "train/success_rate": 0.0}
{"stats_o/std": 0.04328012466430664, "test/success_rate": 0.0, "test/episode": 160.0, "stats_g/std": 0.1505347639322281, "stats_o/mean": 0.20343776047229767, "train/episode": 800.0, "stats_g/mean": 0.8792306780815125, "epoch": 7, "test/mean_Q": -17.69747543334961, "train/success_rate": 0.0}
{"stats_o/std": 0.043137501925230026, "test/success_rate": 0.0, "test/episode": 180.0, "stats_g/std": 0.14957378804683685, "stats_o/mean": 0.20354250073432922, "train/episode": 900.0, "stats_g/mean": 0.8796531558036804, "epoch": 8, "test/mean_Q": -19.77175521850586, "train/success_rate": 0.0}
{"stats_o/std": 0.043018050491809845, "test/success_rate": 0.0, "test/episode": 200.0, "stats_g/std": 0.1487630158662796, "stats_o/mean": 0.2036270797252655, "train/episode": 1000.0, "stats_g/mean": 0.8799802660942078, "epoch": 9, "test/mean_Q": -21.61014175415039, "train/success_rate": 0.0}
{"stats_o/std": 0.042963072657585144, "test/success_rate": 0.0, "test/episode": 220.0, "stats_g/std": 0.14807239174842834, "stats_o/mean": 0.20362821221351624, "train/episode": 1100.0, "stats_g/mean": 0.8799957036972046, "epoch": 10, "test/mean_Q": -23.53751564025879, "train/success_rate": 0.0}
{"stats_o/std": 0.042858920991420746, "test/success_rate": 0.0, "test/episode": 240.0, "stats_g/std": 0.1477256864309311, "stats_o/mean": 0.20359162986278534, "train/episode": 1200.0, "stats_g/mean": 0.8799055218696594, "epoch": 11, "test/mean_Q": -25.387365341186523, "train/success_rate": 0.0}
{"stats_o/std": 0.04269341379404068, "test/success_rate": 0.0, "test/episode": 260.0, "stats_g/std": 0.14704567193984985, "stats_o/mean": 0.2035766839981079, "train/episode": 1300.0, "stats_g/mean": 0.8799009323120117, "epoch": 12, "test/mean_Q": -27.231908798217773, "train/success_rate": 0.0}
{"stats_o/std": 0.04265660420060158, "test/success_rate": 0.0, "test/episode": 280.0, "stats_g/std": 0.14706949889659882, "stats_o/mean": 0.20360346138477325, "train/episode": 1400.0, "stats_g/mean": 0.8799842000007629, "epoch": 13, "test/mean_Q": -29.03518295288086, "train/success_rate": 0.0}
{"stats_o/std": 0.04262866452336311, "test/success_rate": 0.0, "test/episode": 300.0, "stats_g/std": 0.14700369536876678, "stats_o/mean": 0.20360782742500305, "train/episode": 1500.0, "stats_g/mean": 0.879991888999939, "epoch": 14, "test/mean_Q": -30.75370216369629, "train/success_rate": 0.0}
{"stats_o/std": 0.04260712116956711, "test/success_rate": 0.0, "test/episode": 320.0, "stats_g/std": 0.14703474938869476, "stats_o/mean": 0.20361661911010742, "train/episode": 1600.0, "stats_g/mean": 0.880072295665741, "epoch": 15, "test/mean_Q": -32.41566848754883, "train/success_rate": 0.0}
{"stats_o/std": 0.04252384975552559, "test/success_rate": 0.0, "test/episode": 340.0, "stats_g/std": 0.14672812819480896, "stats_o/mean": 0.20363453030586243, "train/episode": 1700.0, "stats_g/mean": 0.8801239132881165, "epoch": 16, "test/mean_Q": -34.09303665161133, "train/success_rate": 0.0}
{"stats_o/std": 0.04247318580746651, "test/success_rate": 0.0, "test/episode": 360.0, "stats_g/std": 0.14659567177295685, "stats_o/mean": 0.20363500714302063, "train/episode": 1800.0, "stats_g/mean": 0.880171000957489, "epoch": 17, "test/mean_Q": -35.72771453857422, "train/success_rate": 0.0}
{"stats_o/std": 0.04240424931049347, "test/success_rate": 0.0, "test/episode": 380.0, "stats_g/std": 0.14625321328639984, "stats_o/mean": 0.2036486566066742, "train/episode": 1900.0, "stats_g/mean": 0.8802431225776672, "epoch": 18, "test/mean_Q": -37.30173873901367, "train/success_rate": 0.0}
{"stats_o/std": 0.042398516088724136, "test/success_rate": 0.0, "test/episode": 400.0, "stats_g/std": 0.14626635611057281, "stats_o/mean": 0.20364470779895782, "train/episode": 2000.0, "stats_g/mean": 0.8802179098129272, "epoch": 19, "test/mean_Q": -38.75807571411133, "train/success_rate": 0.0}
{"stats_o/std": 0.04248688369989395, "test/success_rate": 0.0, "test/episode": 420.0, "stats_g/std": 0.1465551108121872, "stats_o/mean": 0.20365245640277863, "train/episode": 2100.0, "stats_g/mean": 0.8802390098571777, "epoch": 20, "test/mean_Q": -40.23920440673828, "train/success_rate": 0.0}
{"stats_o/std": 0.042515482753515244, "test/success_rate": 0.0, "test/episode": 440.0, "stats_g/std": 0.14679913222789764, "stats_o/mean": 0.2036258727312088, "train/episode": 2200.0, "stats_g/mean": 0.8801334500312805, "epoch": 21, "test/mean_Q": -41.74388885498047, "train/success_rate": 0.0}
{"stats_o/std": 0.04253567382693291, "test/success_rate": 0.0, "test/episode": 460.0, "stats_g/std": 0.1467619687318802, "stats_o/mean": 0.2036362588405609, "train/episode": 2300.0, "stats_g/mean": 0.8801711201667786, "epoch": 22, "test/mean_Q": -43.12022018432617, "train/success_rate": 0.0}
{"stats_o/std": 0.04251747205853462, "test/success_rate": 0.0, "test/episode": 480.0, "stats_g/std": 0.14670534431934357, "stats_o/mean": 0.2036476582288742, "train/episode": 2400.0, "stats_g/mean": 0.8801994323730469, "epoch": 23, "test/mean_Q": -44.59333801269531, "train/success_rate": 0.0}
{"stats_o/std": 0.04252467304468155, "test/success_rate": 0.0, "test/episode": 500.0, "stats_g/std": 0.14659316837787628, "stats_o/mean": 0.20365312695503235, "train/episode": 2500.0, "stats_g/mean": 0.8802240490913391, "epoch": 24, "test/mean_Q": -45.90401840209961, "train/success_rate": 0.0}
{"stats_o/std": 0.042673371732234955, "test/success_rate": 0.0, "test/episode": 520.0, "stats_g/std": 0.1465940922498703, "stats_o/mean": 0.20365634560585022, "train/episode": 2600.0, "stats_g/mean": 0.8802606463432312, "epoch": 25, "test/mean_Q": -47.2117919921875, "train/success_rate": 0.0}
{"stats_o/std": 0.04385387524962425, "test/success_rate": 0.0, "test/episode": 540.0, "stats_g/std": 0.14638783037662506, "stats_o/mean": 0.20367030799388885, "train/episode": 2700.0, "stats_g/mean": 0.880331814289093, "epoch": 26, "test/mean_Q": -47.18324661254883, "train/success_rate": 0.0}
{"stats_o/std": 0.046014901250600815, "test/success_rate": 0.0,