{"test/success_rate": 0.030000000819563867, "train/success_rate": 0.0279999990016222, "train/episode": 100.0, "epoch": 0, "stats_g/mean": 0.8581741452217102, "stats_g/std": 0.12954455614089966, "test/episode": 20.0, "stats_o/mean": 0.20395369827747345, "stats_o/std": 0.036624547094106674, "test/mean_Q": -2.9450507164001465}
{"test/success_rate": 0.030000000819563867, "train/success_rate": 0.03799999877810478, "train/episode": 200.0, "epoch": 1, "stats_g/mean": 0.8585547208786011, "stats_g/std": 0.1265280842781067, "test/episode": 40.0, "stats_o/mean": 0.2042430341243744, "stats_o/std": 0.03607834503054619, "test/mean_Q": -4.945018768310547}
{"test/success_rate": 0.015000000223517418, "train/success_rate": 0.03799999877810478, "train/episode": 300.0, "epoch": 2, "stats_g/mean": 0.8582227826118469, "stats_g/std": 0.12751203775405884, "test/episode": 60.0, "stats_o/mean": 0.2039831578731537, "stats_o/std": 0.03582382947206497, "test/mean_Q": -6.829521179199219}
{"test/success_rate": 0.05000000074505806, "train/success_rate": 0.0259999992325902, "train/episode": 400.0, "epoch": 3, "stats_g/mean": 0.8579280972480774, "stats_g/std": 0.12785126268863678, "test/episode": 80.0, "stats_o/mean": 0.2038026750087738, "stats_o/std": 0.03570329025387764, "test/mean_Q": -8.62632942199707}
{"test/success_rate": 0.04000000059604645, "train/success_rate": 0.03799999877810478, "train/episode": 500.0, "epoch": 4, "stats_g/mean": 0.8584213256835938, "stats_g/std": 0.12804047763347626, "test/episode": 100.0, "stats_o/mean": 0.20390304923057556, "stats_o/std": 0.035712551325559616, "test/mean_Q": -10.567048072814941}
{"test/success_rate": 0.04000000096857548, "train/success_rate": 0.03799999877810478, "train/episode": 600.0, "epoch": 5, "stats_g/mean": 0.8587949872016907, "stats_g/std": 0.12855200469493866, "test/episode": 120.0, "stats_o/mean": 0.20398850739002228, "stats_o/std": 0.03573815897107124, "test/mean_Q": -11.95236587524414}
{"test/success_rate": 0.07500000074505805, "train/success_rate": 0.044999998062849045, "train/episode": 700.0, "epoch": 6, "stats_g/mean": 0.8591340780258179, "stats_g/std": 0.12964554131031036, "test/episode": 140.0, "stats_o/mean": 0.20399776101112366, "stats_o/std": 0.03584278002381325, "test/mean_Q": -12.960092544555664}
{"test/success_rate": 0.17999999225139618, "train/success_rate": 0.07900000363588333, "train/episode": 800.0, "epoch": 7, "stats_g/mean": 0.8592531085014343, "stats_g/std": 0.13031135499477386, "test/episode": 160.0, "stats_o/mean": 0.20401008427143097, "stats_o/std": 0.036087002605199814, "test/mean_Q": -13.101007461547852}
{"test/success_rate": 0.19500000774860382, "train/success_rate": 0.12999999523162842, "train/episode": 900.0, "epoch": 8, "stats_g/mean": 0.8589394688606262, "stats_g/std": 0.13047493994235992, "test/episode": 180.0, "stats_o/mean": 0.20397301018238068, "stats_o/std": 0.03628196194767952, "test/mean_Q": -13.85661506652832}
{"test/success_rate": 0.29500001668930054, "train/success_rate": 0.16199998557567596, "train/episode": 1000.0, "epoch": 9, "stats_g/mean": 0.8589035272598267, "stats_g/std": 0.13080400228500366, "test/episode": 200.0, "stats_o/mean": 0.20395569503307343, "stats_o/std": 0.036417458206415176, "test/mean_Q": -13.743669509887695}
{"test/success_rate": 0.32499998807907104, "train/success_rate": 0.22999998927116394, "train/episode": 1100.0, "epoch": 10, "stats_g/mean": 0.859122097492218, "stats_g/std": 0.1309734731912613, "test/episode": 220.0, "stats_o/mean": 0.20395974814891815, "stats_o/std": 0.036524686962366104, "test/mean_Q": -13.430140495300293}
{"test/success_rate": 0.3449999690055847, "train/success_rate": 0.30900001525878906, "train/episode": 1200.0, "epoch": 11, "stats_g/mean": 0.8593176007270813, "stats_g/std": 0.13086584210395813, "test/episode": 240.0, "stats_o/mean": 0.2039913684129715, "stats_o/std": 0.03665118291974068, "test/mean_Q": -14.155988693237305}
{"test/success_rate": 0.3499999940395355, "train/success_rate": 0.3440000116825104, "train/episode": 1300.0, "epoch": 12, "stats_g/mean": 0.8592625856399536, "stats_g/std": 0.13050147891044617, "test/episode": 260.0, "stats_o/mean": 0.20401081442832947, "stats_o/std": 0.036732710897922516, "test/mean_Q": -15.367292404174805}
{"test/success_rate": 0.35499998927116394, "train/success_rate": 0.328000009059906, "train/episode": 1400.0, "epoch": 13, "stats_g/mean": 0.8592454791069031, "stats_g/std": 0.13041140139102936, "test/episode": 280.0, "stats_o/mean": 0.2039761245250702, "stats_o/std": 0.03683817759156227, "test/mean_Q": -14.908769607543945}
{"test/success_rate": 0.46000003814697266, "train/success_rate": 0.367000013589859, "train/episode": 1500.0, "epoch": 14, "stats_g/mean": 0.8594750165939331, "stats_g/std": 0.13078278303146362, "test/episode": 300.0, "stats_o/mean": 0.20399847626686096, "stats_o/std": 0.03693456947803497, "test/mean_Q": -12.628072738647461}
{"test/success_rate": 0.4749999940395355, "train/success_rate": 0.37599998712539673, "train/episode": 1600.0, "epoch": 15, "stats_g/mean": 0.8592795133590698, "stats_g/std": 0.13077877461910248, "test/episode": 320.0, "stats_o/mean": 0.20398063957691193, "stats_o/std": 0.037019312381744385, "test/mean_Q": -12.124646186828613}
{"test/success_rate": 0.5149999856948853, "train/success_rate": 0.4050000309944153, "train/episode": 1700.0, "epoch": 16, "stats_g/mean": 0.8594991564750671, "stats_g/std": 0.13093151152133942, "test/episode": 340.0, "stats_o/mean": 0.2040235698223114, "stats_o/std": 0.03707674890756607, "test/mean_Q": -12.365072250366211}
{"test/success_rate": 0.4749999940395355, "train/success_rate": 0.42399996519088745, "train/episode": 1800.0, "epoch": 17, "stats_g/mean": 0.8595865368843079, "stats_g/std": 0.13081449270248413, "test/episode": 360.0, "stats_o/mean": 0.20404808223247528, "stats_o/std": 0.03712388128042221, "test/mean_Q": -13.03697395324707}
{"test/success_rate": 0.5400000214576721, "train/success_rate": 0.42100000381469727, "train/episode": 1900.0, "epoch": 18, "stats_g/mean": 0.8598564863204956, "stats_g/std": 0.13074322044849396, "test/episode": 380.0, "stats_o/mean": 0.20408150553703308, "stats_o/std": 0.03714144602417946, "test/mean_Q": -13.129427909851074}
{"test/success_rate": 0.4599999785423279, "train/success_rate": 0.41999998688697815, "train/episode": 2000.0, "epoch": 19, "stats_g/mean": 0.8600662350654602, "stats_g/std": 0.13070723414421082, "test/episode": 400.0, "stats_o/mean": 0.2041284143924713, "stats_o/std": 0.03715116158127785, "test/mean_Q": -14.418039321899414}
{"test/success_rate": 0.4949999749660492, "train/success_rate": 0.40299996733665466, "train/episode": 2100.0, "epoch": 20, "stats_g/mean": 0.8604256510734558, "stats_g/std": 0.1308622807264328, "test/episode": 420.0, "stats_o/mean": 0.20417241752147675, "stats_o/std": 0.03715207800269127, "test/mean_Q": -14.316610336303711}
{"test/success_rate": 0.5, "train/success_rate": 0.39499998092651367, "train/episode": 2200.0, "epoch": 21, "stats_g/mean": 0.8607593774795532, "stats_g/std": 0.13105006515979767, "test/episode": 440.0, "stats_o/mean": 0.20422136783599854, "stats_o/std": 0.03713501617312431, "test/mean_Q": -15.335184097290039}
{"test/success_rate": 0.574999988079071, "train/success_rate": 0.4300000071525574, "train/episode": 2300.0, "epoch": 22, "stats_g/mean": 0.8609811663627625, "stats_g/std": 0.1311580240726471, "test/episode": 460.0, "stats_o/mean": 0.20426544547080994, "stats_o/std": 0.03714004531502724, "test/mean_Q": -14.193735122680664}
{"test/success_rate": 0.5850000381469727, "train/success_rate": 0.42100000381469727, "train/episode": 2400.0, "epoch": 23, "stats_g/mean": 0.8612787127494812, "stats_g/std": 0.13138943910598755, "test/episode": 480.0, "stats_o/mean": 0.2043096125125885, "stats_o/std": 0.037146616727113724, "test/mean_Q": -13.807124137878418}
{"test/success_rate": 0.6699999570846558, "train/success_rate": 0.4449999928474426, "train/episode": 2500.0, "epoch": 24, "stats_g/mean": 0.861553966999054, "stats_g/std": 0.1316819190979004,