{"train/episode": 50.0, "stats_g/std": 0.07458525151014328, "stats_g/mean": 0.8465872406959534, "epoch": 0, "test/mean_Q": -1.9549407958984375, "test/success_rate": 0.10000000149011612, "stats_o/mean": 0.205844447016716, "train/success_rate": 0.0, "test/episode": 10.0, "stats_o/std": 0.07241871953010559}
{"train/episode": 100.0, "stats_g/std": 0.07520271092653275, "stats_g/mean": 0.8421597480773926, "epoch": 1, "test/mean_Q": -3.7554733753204346, "test/success_rate": 0.10000000149011612, "stats_o/mean": 0.20393900573253632, "train/success_rate": 0.03999999910593033, "test/episode": 20.0, "stats_o/std": 0.07592753320932388}
{"train/episode": 150.0, "stats_g/std": 0.07642348855733871, "stats_g/mean": 0.8426031470298767, "epoch": 2, "test/mean_Q": -5.076077938079834, "test/success_rate": 0.0, "stats_o/mean": 0.20504656434059143, "train/success_rate": 0.03999999910593033, "test/episode": 30.0, "stats_o/std": 0.08090301603078842}
{"train/episode": 200.0, "stats_g/std": 0.07525839656591415, "stats_g/mean": 0.842444121837616, "epoch": 3, "test/mean_Q": -6.7292351722717285, "test/success_rate": 0.20000000298023224, "stats_o/mean": 0.20397239923477173, "train/success_rate": 0.0, "test/episode": 40.0, "stats_o/std": 0.07936637103557587}
