{"stats_o/std": 0.04630642011761665, "test/mean_Q": -2.9429922103881836, "train/success_rate": 0.02500000037252903, "epoch": 0, "train/episode": 100.0, "test/success_rate": 0.04999999962747097, "stats_o/mean": 0.20388087630271912, "stats_g/std": 0.09411490708589554, "stats_g/mean": 0.8471921682357788, "test/episode": 20.0}
{"stats_o/std": 0.04627237468957901, "test/mean_Q": -4.974452018737793, "train/success_rate": 0.01900000050663948, "epoch": 1, "train/episode": 200.0, "test/success_rate": 0.03500000052154064, "stats_o/mean": 0.20350095629692078, "stats_g/std": 0.0942595824599266, "stats_g/mean": 0.8456505537033081, "test/episode": 40.0}
{"stats_o/std": 0.04674221947789192, "test/mean_Q": -6.963212490081787, "train/success_rate": 0.04200000315904617, "epoch": 2, "train/episode": 300.0, "test/success_rate": 0.04000000059604645, "stats_o/mean": 0.20358875393867493, "stats_g/std": 0.09376925230026245, "stats_g/mean": 0.845831036567688, "test/episode": 60.0}
{"stats_o/std": 0.047794632613658905, "test/mean_Q": -8.825536727905273, "train/success_rate": 0.03399999812245369, "epoch": 3, "train/episode": 400.0, "test/success_rate": 0.06000000089406967, "stats_o/mean": 0.203830286860466, "stats_g/std": 0.09376535564661026, "stats_g/mean": 0.8463360667228699, "test/episode": 80.0}
{"stats_o/std": 0.05066373199224472, "test/mean_Q": -10.671253204345703, "train/success_rate": 0.04699999839067459, "epoch": 4, "train/episode": 500.0, "test/success_rate": 0.03500000052154064, "stats_o/mean": 0.20364156365394592, "stats_g/std": 0.09415154904127121, "stats_g/mean": 0.846169650554657, "test/episode": 100.0}
{"stats_o/std": 0.054146818816661835, "test/mean_Q": -11.514171600341797, "train/success_rate": 0.04999999701976776, "epoch": 5, "train/episode": 600.0, "test/success_rate": 0.06500000208616256, "stats_o/mean": 0.20376059412956238, "stats_g/std": 0.09510374069213867, "stats_g/mean": 0.8462403416633606, "test/episode": 120.0}
{"stats_o/std": 0.05852651596069336, "test/mean_Q": -12.61449146270752, "train/success_rate": 0.04899999871850014, "epoch": 6, "train/episode": 700.0, "test/success_rate": 0.125, "stats_o/mean": 0.20370502769947052, "stats_g/std": 0.09632716327905655, "stats_g/mean": 0.8458667993545532, "test/episode": 140.0}
{"stats_o/std": 0.06130608916282654, "test/mean_Q": -14.423254013061523, "train/success_rate": 0.0729999989271164, "epoch": 7, "train/episode": 800.0, "test/success_rate": 0.07999999821186066, "stats_o/mean": 0.20374897122383118, "stats_g/std": 0.09682383388280869, "stats_g/mean": 0.8454267382621765, "test/episode": 160.0}
{"stats_o/std": 0.06657819449901581, "test/mean_Q": -13.99584674835205, "train/success_rate": 0.13100001215934753, "epoch": 8, "train/episode": 900.0, "test/success_rate": 0.1600000023841858, "stats_o/mean": 0.20377449691295624, "stats_g/std": 0.09714504331350327, "stats_g/mean": 0.845344066619873, "test/episode": 180.0}
{"stats_o/std": 0.07222960144281387, "test/mean_Q": -12.604253768920898, "train/success_rate": 0.16500000655651093, "epoch": 9, "train/episode": 1000.0, "test/success_rate": 0.320000022649765, "stats_o/mean": 0.2039807140827179, "stats_g/std": 0.09836158156394958, "stats_g/mean": 0.8454118967056274, "test/episode": 200.0}
{"stats_o/std": 0.0766778215765953, "test/mean_Q": -11.1329927444458, "train/success_rate": 0.26999998092651367, "epoch": 10, "train/episode": 1100.0, "test/success_rate": 0.42000001668930054, "stats_o/mean": 0.20407888293266296, "stats_g/std": 0.0989716649055481, "stats_g/mean": 0.8454983830451965, "test/episode": 220.0}
{"stats_o/std": 0.08200232684612274, "test/mean_Q": -13.159988403320312, "train/success_rate": 0.3400000035762787, "epoch": 11, "train/episode": 1200.0, "test/success_rate": 0.4000000059604645, "stats_o/mean": 0.20422212779521942, "stats_g/std": 0.0991579070687294, "stats_g/mean": 0.8456355333328247, "test/episode": 240.0}
{"stats_o/std": 0.08597829937934875, "test/mean_Q": -9.804364204406738, "train/success_rate": 0.3620000183582306, "epoch": 12, "train/episode": 1300.0, "test/success_rate": 0.5850000381469727, "stats_o/mean": 0.2042500078678131, "stats_g/std": 0.09973213821649551, "stats_g/mean": 0.845564067363739, "test/episode": 260.0}
{"stats_o/std": 0.08919759839773178, "test/mean_Q": -10.422719955444336, "train/success_rate": 0.41999998688697815, "epoch": 13, "train/episode": 1400.0, "test/success_rate": 0.6050000190734863, "stats_o/mean": 0.2042570561170578, "stats_g/std": 0.10044213384389877, "stats_g/mean": 0.8454154133796692, "test/episode": 280.0}
{"stats_o/std": 0.09091045707464218, "test/mean_Q": -8.63707160949707, "train/success_rate": 0.43800002336502075, "epoch": 14, "train/episode": 1500.0, "test/success_rate": 0.625, "stats_o/mean": 0.20426321029663086, "stats_g/std": 0.10096786171197891, "stats_g/mean": 0.8453601598739624, "test/episode": 300.0}
{"stats_o/std": 0.09289073199033737, "test/mean_Q": -9.180213928222656, "train/success_rate": 0.4989999830722809, "epoch": 15, "train/episode": 1600.0, "test/success_rate": 0.6649999618530273, "stats_o/mean": 0.20434772968292236, "stats_g/std": 0.10139795392751694, "stats_g/mean": 0.8454506993293762, "test/episode": 320.0}
{"stats_o/std": 0.0945158377289772, "test/mean_Q": -7.843601226806641, "train/success_rate": 0.4699999690055847, "epoch": 16, "train/episode": 1700.0, "test/success_rate": 0.7549999952316284, "stats_o/mean": 0.20451748371124268, "stats_g/std": 0.10158617794513702, "stats_g/mean": 0.8455163836479187, "test/episode": 340.0}
{"stats_o/std": 0.09576677531003952, "test/mean_Q": -8.878103256225586, "train/success_rate": 0.5449999570846558, "epoch": 17, "train/episode": 1800.0, "test/success_rate": 0.7400000691413879, "stats_o/mean": 0.20473220944404602, "stats_g/std": 0.10176060348749161, "stats_g/mean": 0.8455809354782104, "test/episode": 360.0}
{"stats_o/std": 0.09673625230789185, "test/mean_Q": -5.829720497131348, "train/success_rate": 0.5619999766349792, "epoch": 18, "train/episode": 1900.0, "test/success_rate": 0.8550000190734863, "stats_o/mean": 0.2049901932477951, "stats_g/std": 0.10189931094646454, "stats_g/mean": 0.8457366824150085, "test/episode": 380.0}
{"stats_o/std": 0.09797720611095428, "test/mean_Q": -5.984554290771484, "train/success_rate": 0.546999990940094, "epoch": 19, "train/episode": 2000.0, "test/success_rate": 0.8350000381469727, "stats_o/mean": 0.2051885575056076, "stats_g/std": 0.10219365358352661, "stats_g/mean": 0.8460343480110168, "test/episode": 400.0}
{"stats_o/std": 0.09888001531362534, "test/mean_Q": -6.4020185470581055, "train/success_rate": 0.5619999766349792, "epoch": 20, "train/episode": 2100.0, "test/success_rate": 0.8100000619888306, "stats_o/mean": 0.20547500252723694, "stats_g/std": 0.10264541953802109, "stats_g/mean": 0.8462293744087219, "test/episode": 420.0}
{"stats_o/std": 0.09931257367134094, "test/mean_Q": -6.182277202606201, "train/success_rate": 0.574999988079071, "epoch": 21, "train/episode": 2200.0, "test/success_rate": 0.824999988079071, "stats_o/mean": 0.2055494487285614, "stats_g/std": 0.10277295112609863, "stats_g/mean": 0.8463461995124817, "test/episode": 440.0}
{"stats_o/std": 0.09976044297218323, "test/mean_Q": -5.401182651519775, "train/success_rate": 0.546999990940094, "epoch": 22, "train/episode": 2300.0, "test/success_rate": 0.8799999952316284, "stats_o/mean": 0.20561304688453674, "stats_g/std": 0.10294754803180695, "stats_g/mean": 0.846591591835022, "test/episode": 460.0}
{"stats_o/std": 0.1001659408211708, "test/mean_Q": -5.728492736816406, "train/success_rate": 0.5740000009536743, "epoch": 23, "train/episode": 2400.0, "test/success_rate": 0.8500000238418579, "stats_o/mean": 0.2057362049818039, "stats_g/std": 0.10311611741781235, "stats_g/mean": 0.8467666506767273, "test/episode": 480.0}
{"stats_o/std": 0.10069431364536285, "test/mean_Q": -4.413228511810303, "train/success_rate": 0.5769999623298645, "epoch": 24, "train/episode": 2500.0, "test/success_rate": 0.949999988079071, "stats_o/mean": 0.2058497667312622,