{"epoch": 0, "test/mean_Q": -3.121959924697876, "stats_g/std": 0.12115421146154404, "train/success_rate": 0.0019999999552965165, "test/episode": 20.0, "test/success_rate": 0.010000000149011612, "stats_o/std": 0.06065347045660019, "stats_o/mean": 0.1655563861131668, "stats_g/mean": 0.7456302642822266, "train/episode": 100.0}
{"epoch": 1, "test/mean_Q": -5.065524578094482, "stats_g/std": 0.12172549962997437, "train/success_rate": 0.0, "test/episode": 40.0, "test/success_rate": 0.005000000074505806, "stats_o/std": 0.061627693474292755, "stats_o/mean": 0.1654726266860962, "stats_g/mean": 0.7437675595283508, "train/episode": 200.0}
{"epoch": 2, "test/mean_Q": -7.203801155090332, "stats_g/std": 0.12266582250595093, "train/success_rate": 0.0029999999329447745, "test/episode": 60.0, "test/success_rate": 0.0, "stats_o/std": 0.06156546622514725, "stats_o/mean": 0.16562481224536896, "stats_g/mean": 0.7437487244606018, "train/episode": 300.0}
{"epoch": 3, "test/mean_Q": -9.028203964233398, "stats_g/std": 0.12993203103542328, "train/success_rate": 0.0029999999329447745, "test/episode": 80.0, "test/success_rate": 0.005000000074505806, "stats_o/std": 0.06593978404998779, "stats_o/mean": 0.16600239276885986, "stats_g/mean": 0.7448813915252686, "train/episode": 400.0}
{"epoch": 4, "test/mean_Q": -10.326756477355957, "stats_g/std": 0.14000959694385529, "train/success_rate": 0.008999999798834323, "test/episode": 100.0, "test/success_rate": 0.005000000074505806, "stats_o/std": 0.07138974964618683, "stats_o/mean": 0.16654032468795776, "stats_g/mean": 0.7461525797843933, "train/episode": 500.0}
{"epoch": 5, "test/mean_Q": -11.515886306762695, "stats_g/std": 0.15148775279521942, "train/success_rate": 0.008999999798834323, "test/episode": 120.0, "test/success_rate": 0.020000000298023225, "stats_o/std": 0.07749047875404358, "stats_o/mean": 0.16747809946537018, "stats_g/mean": 0.7487248778343201, "train/episode": 600.0}
{"epoch": 6, "test/mean_Q": -12.544607162475586, "stats_g/std": 0.1580100655555725, "train/success_rate": 0.019999999552965164, "test/episode": 140.0, "test/success_rate": 0.02500000037252903, "stats_o/std": 0.08231315016746521, "stats_o/mean": 0.1681516468524933, "stats_g/mean": 0.7508706450462341, "train/episode": 700.0}
{"epoch": 7, "test/mean_Q": -13.4317045211792, "stats_g/std": 0.1634370982646942, "train/success_rate": 0.020999999716877937, "test/episode": 160.0, "test/success_rate": 0.04500000029802322, "stats_o/std": 0.08623920381069183, "stats_o/mean": 0.16896779835224152, "stats_g/mean": 0.7529080510139465, "train/episode": 800.0}
{"epoch": 8, "test/mean_Q": -13.70707893371582, "stats_g/std": 0.16878871619701385, "train/success_rate": 0.03099999949336052, "test/episode": 180.0, "test/success_rate": 0.04500000067055225, "stats_o/std": 0.08946612477302551, "stats_o/mean": 0.16963638365268707, "stats_g/mean": 0.7550196647644043, "train/episode": 900.0}
{"epoch": 9, "test/mean_Q": -12.835415840148926, "stats_g/std": 0.1737697571516037, "train/success_rate": 0.04699999839067459, "test/episode": 200.0, "test/success_rate": 0.12500000596046448, "stats_o/std": 0.09247858822345734, "stats_o/mean": 0.17071698606014252, "stats_g/mean": 0.7596462368965149, "train/episode": 1000.0}
{"epoch": 10, "test/mean_Q": -12.266790390014648, "stats_g/std": 0.1770678162574768, "train/success_rate": 0.07799999415874481, "test/episode": 220.0, "test/success_rate": 0.1549999952316284, "stats_o/std": 0.0939011350274086, "stats_o/mean": 0.17176799476146698, "stats_g/mean": 0.764528751373291, "train/episode": 1100.0}
{"epoch": 11, "test/mean_Q": -13.087580680847168, "stats_g/std": 0.17914067208766937, "train/success_rate": 0.0729999989271164, "test/episode": 240.0, "test/success_rate": 0.1600000023841858, "stats_o/std": 0.09536565095186234, "stats_o/mean": 0.17242297530174255, "stats_g/mean": 0.768593966960907, "train/episode": 1200.0}
{"epoch": 12, "test/mean_Q": -13.825846672058105, "stats_g/std": 0.18009372055530548, "train/success_rate": 0.07400000095367432, "test/episode": 260.0, "test/success_rate": 0.13500000536441803, "stats_o/std": 0.09593870490789413, "stats_o/mean": 0.1727537363767624, "stats_g/mean": 0.7711441516876221, "train/episode": 1300.0}
{"epoch": 13, "test/mean_Q": -14.300517082214355, "stats_g/std": 0.1799604743719101, "train/success_rate": 0.09800000488758087, "test/episode": 280.0, "test/success_rate": 0.1250000037252903, "stats_o/std": 0.09563380479812622, "stats_o/mean": 0.17307975888252258, "stats_g/mean": 0.7728824615478516, "train/episode": 1400.0}
{"epoch": 14, "test/mean_Q": -13.063555717468262, "stats_g/std": 0.17960722744464874, "train/success_rate": 0.10700000822544098, "test/episode": 300.0, "test/success_rate": 0.2800000309944153, "stats_o/std": 0.09556910395622253, "stats_o/mean": 0.17331823706626892, "stats_g/mean": 0.7747148871421814, "train/episode": 1500.0}
{"epoch": 15, "test/mean_Q": -14.487100601196289, "stats_g/std": 0.18038798868656158, "train/success_rate": 0.10799999535083771, "test/episode": 320.0, "test/success_rate": 0.2750000059604645, "stats_o/std": 0.09590721875429153, "stats_o/mean": 0.17367909848690033, "stats_g/mean": 0.7765335440635681, "train/episode": 1600.0}
{"epoch": 16, "test/mean_Q": -14.303184509277344, "stats_g/std": 0.18143349885940552, "train/success_rate": 0.11599999666213989, "test/episode": 340.0, "test/success_rate": 0.29500001668930054, "stats_o/std": 0.09659405052661896, "stats_o/mean": 0.1741127222776413, "stats_g/mean": 0.7786061763763428, "train/episode": 1700.0}
{"epoch": 17, "test/mean_Q": -11.584232330322266, "stats_g/std": 0.18184508383274078, "train/success_rate": 0.132999986410141, "test/episode": 360.0, "test/success_rate": 0.35500001907348633, "stats_o/std": 0.09705695509910583, "stats_o/mean": 0.17472843825817108, "stats_g/mean": 0.7813777923583984, "train/episode": 1800.0}
{"epoch": 18, "test/mean_Q": -12.718257904052734, "stats_g/std": 0.1822236031293869, "train/success_rate": 0.1380000114440918, "test/episode": 380.0, "test/success_rate": 0.2800000309944153, "stats_o/std": 0.09727532416582108, "stats_o/mean": 0.17540307343006134, "stats_g/mean": 0.7838621139526367, "train/episode": 1900.0}
{"epoch": 19, "test/mean_Q": -12.180057525634766, "stats_g/std": 0.18269862234592438, "train/success_rate": 0.13500002026557922, "test/episode": 400.0, "test/success_rate": 0.4050000309944153, "stats_o/std": 0.09765098243951797, "stats_o/mean": 0.1760968267917633, "stats_g/mean": 0.7866112589836121, "train/episode": 2000.0}
{"epoch": 20, "test/mean_Q": -11.964469909667969, "stats_g/std": 0.18243408203125, "train/success_rate": 0.1340000033378601, "test/episode": 420.0, "test/success_rate": 0.4699999690055847, "stats_o/std": 0.09779050201177597, "stats_o/mean": 0.1766783595085144, "stats_g/mean": 0.7890979647636414, "train/episode": 2100.0}
{"epoch": 21, "test/mean_Q": -13.08845043182373, "stats_g/std": 0.18235069513320923, "train/success_rate": 0.14900000393390656, "test/episode": 440.0, "test/success_rate": 0.36500000953674316, "stats_o/std": 0.09789726883172989, "stats_o/mean": 0.17716355621814728, "stats_g/mean": 0.7911808490753174, "train/episode": 2200.0}
{"epoch": 22, "test/mean_Q": -12.298433303833008, "stats_g/std": 0.1819087266921997, "train/success_rate": 0.15399999916553497, "test/episode": 460.0, "test/success_rate": 0.4099999964237213, "stats_o/std": 0.09777280688285828, "stats_o/mean": 0.17756740748882294, "stats_g/mean": 0.7929913401603699, "train/episode": 2300.0}
{"epoch": 23, "test/mean_Q": -13.1823091506958, "stats_g/std": 0.18166756629943848, "train/success_rate": 0.1810000091791153, "test/episode": 480.0, "test/success_rate": 0.4099999964237213, "stats_o/std": 0.09773890674114227, "stats_o/mean": 0.17790848016738892, "stats_g/mean": 0.7947852611541748, "train/episode": 2400.0}
{"epoch": 24, "test/mean_Q": -11.160504341125488, "stats_g/std": 0.1811566948890686, "train/success_rate": 0.16300001740455627, "test/episode": 500.0, "test/success_rate": 0.5100000500679016,