{"stats_g/mean": 0.8041942715644836, "stats_o/std": 0.09773421287536621, "train/episode": 100.0, "test/success_rate": 0.5099999904632568, "stats_o/mean": 0.18012946844100952, "train/success_rate": 0.15799999237060547, "epoch": 0, "test/mean_Q": -12.3239107131958, "stats_g/std": 0.1786448359489441, "test/episode": 20.0}
{"stats_g/mean": 0.80512934923172, "stats_o/std": 0.09782490879297256, "train/episode": 200.0, "test/success_rate": 0.5200000405311584, "stats_o/mean": 0.1803153157234192, "train/success_rate": 0.14800000190734863, "epoch": 1, "test/mean_Q": -12.007281303405762, "stats_g/std": 0.17834635078907013, "test/episode": 40.0}
{"stats_g/mean": 0.8059059977531433, "stats_o/std": 0.09808148443698883, "train/episode": 300.0, "test/success_rate": 0.5199999809265137, "stats_o/mean": 0.18045270442962646, "train/success_rate": 0.15800000727176666, "epoch": 2, "test/mean_Q": -12.807146072387695, "stats_g/std": 0.17847628891468048, "test/episode": 60.0}
{"stats_g/mean": 0.8068041801452637, "stats_o/std": 0.09825494140386581, "train/episode": 400.0, "test/success_rate": 0.44999998807907104, "stats_o/mean": 0.18062075972557068, "train/success_rate": 0.14900000393390656, "epoch": 3, "test/mean_Q": -13.39454174041748, "stats_g/std": 0.17836050689220428, "test/episode": 80.0}
{"stats_g/mean": 0.8076645135879517, "stats_o/std": 0.0984596312046051, "train/episode": 500.0, "test/success_rate": 0.5049999952316284, "stats_o/mean": 0.18084728717803955, "train/success_rate": 0.1469999998807907, "epoch": 4, "test/mean_Q": -12.282245635986328, "stats_g/std": 0.17807544767856598, "test/episode": 100.0}
{"stats_g/mean": 0.808551013469696, "stats_o/std": 0.0986015722155571, "train/episode": 600.0, "test/success_rate": 0.5449999570846558, "stats_o/mean": 0.18107978999614716, "train/success_rate": 0.14500001072883606, "epoch": 5, "test/mean_Q": -11.901625633239746, "stats_g/std": 0.17790234088897705, "test/episode": 120.0}
{"stats_g/mean": 0.8093631863594055, "stats_o/std": 0.09874533861875534, "train/episode": 700.0, "test/success_rate": 0.48000001907348633, "stats_o/mean": 0.18129175901412964, "train/success_rate": 0.1469999998807907, "epoch": 6, "test/mean_Q": -12.210092544555664, "stats_g/std": 0.17767374217510223, "test/episode": 140.0}
{"stats_g/mean": 0.8099926710128784, "stats_o/std": 0.09885445237159729, "train/episode": 800.0, "test/success_rate": 0.4749999940395355, "stats_o/mean": 0.18153707683086395, "train/success_rate": 0.12399999797344208, "epoch": 7, "test/mean_Q": -13.331233024597168, "stats_g/std": 0.1775652915239334, "test/episode": 160.0}
{"stats_g/mean": 0.8107478022575378, "stats_o/std": 0.09895959496498108, "train/episode": 900.0, "test/success_rate": 0.5550000071525574, "stats_o/mean": 0.1817408949136734, "train/success_rate": 0.15199999511241913, "epoch": 8, "test/mean_Q": -11.10391616821289, "stats_g/std": 0.1773688644170761, "test/episode": 180.0}
{"stats_g/mean": 0.811346173286438, "stats_o/std": 0.09923674911260605, "train/episode": 1000.0, "test/success_rate": 0.5400000214576721, "stats_o/mean": 0.18193458020687103, "train/success_rate": 0.132999986410141, "epoch": 9, "test/mean_Q": -11.268600463867188, "stats_g/std": 0.17712561786174774, "test/episode": 200.0}
{"stats_g/mean": 0.8120158910751343, "stats_o/std": 0.09953394532203674, "train/episode": 1100.0, "test/success_rate": 0.4749999940395355, "stats_o/mean": 0.18217647075653076, "train/success_rate": 0.13599999248981476, "epoch": 10, "test/mean_Q": -11.605278968811035, "stats_g/std": 0.17707078158855438, "test/episode": 220.0}
{"stats_g/mean": 0.8125218152999878, "stats_o/std": 0.09989987313747406, "train/episode": 1200.0, "test/success_rate": 0.5850000381469727, "stats_o/mean": 0.18230970203876495, "train/success_rate": 0.1379999965429306, "epoch": 11, "test/mean_Q": -11.782800674438477, "stats_g/std": 0.17704373598098755, "test/episode": 240.0}
{"stats_g/mean": 0.8130853772163391, "stats_o/std": 0.100113645195961, "train/episode": 1300.0, "test/success_rate": 0.4699999690055847, "stats_o/mean": 0.18249393999576569, "train/success_rate": 0.15399999916553497, "epoch": 12, "test/mean_Q": -11.826268196105957, "stats_g/std": 0.1768740862607956, "test/episode": 260.0}
{"stats_g/mean": 0.8135256767272949, "stats_o/std": 0.10032864660024643, "train/episode": 1400.0, "test/success_rate": 0.49000000953674316, "stats_o/mean": 0.18269102275371552, "train/success_rate": 0.12399999797344208, "epoch": 13, "test/mean_Q": -11.818923950195312, "stats_g/std": 0.17693991959095, "test/episode": 280.0}
{"stats_g/mean": 0.8141347765922546, "stats_o/std": 0.1006745845079422, "train/episode": 1500.0, "test/success_rate": 0.550000011920929, "stats_o/mean": 0.18292316794395447, "train/success_rate": 0.12200000137090683, "epoch": 14, "test/mean_Q": -11.837900161743164, "stats_g/std": 0.17676715552806854, "test/episode": 300.0}
{"stats_g/mean": 0.8147241473197937, "stats_o/std": 0.10104881227016449, "train/episode": 1600.0, "test/success_rate": 0.5549999475479126, "stats_o/mean": 0.18311601877212524, "train/success_rate": 0.13199999928474426, "epoch": 15, "test/mean_Q": -11.140092849731445, "stats_g/std": 0.1766863316297531, "test/episode": 320.0}
{"stats_g/mean": 0.8153458833694458, "stats_o/std": 0.10124897956848145, "train/episode": 1700.0, "test/success_rate": 0.5, "stats_o/mean": 0.18332892656326294, "train/success_rate": 0.125, "epoch": 16, "test/mean_Q": -11.053739547729492, "stats_g/std": 0.17663006484508514, "test/episode": 340.0}
{"stats_g/mean": 0.8158124685287476, "stats_o/std": 0.10145673900842667, "train/episode": 1800.0, "test/success_rate": 0.38999998569488525, "stats_o/mean": 0.18353141844272614, "train/success_rate": 0.11900000274181366, "epoch": 17, "test/mean_Q": -12.891779899597168, "stats_g/std": 0.17648299038410187, "test/episode": 360.0}
{"stats_g/mean": 0.8163806796073914, "stats_o/std": 0.101675845682621, "train/episode": 1900.0, "test/success_rate": 0.48499998450279236, "stats_o/mean": 0.18373584747314453, "train/success_rate": 0.10300000011920929, "epoch": 18, "test/mean_Q": -12.252074241638184, "stats_g/std": 0.17651967704296112, "test/episode": 380.0}
{"stats_g/mean": 0.8168895840644836, "stats_o/std": 0.10182684659957886, "train/episode": 2000.0, "test/success_rate": 0.5299999713897705, "stats_o/mean": 0.1839645504951477, "train/success_rate": 0.12799999117851257, "epoch": 19, "test/mean_Q": -11.125600814819336, "stats_g/std": 0.1763077825307846, "test/episode": 400.0}
