{"epoch": 0, "train/success_rate": 0.0, "test/success_rate": 0.0, "train/episode": 100.0, "stats_g/mean": 0.8796839714050293, "stats_o/std": 0.07195666432380676, "stats_o/mean": 0.2042050063610077, "test/episode": 20.0, "test/mean_Q": -3.1382968425750732, "stats_g/std": 0.15741504728794098}
{"epoch": 1, "train/success_rate": 0.0, "test/success_rate": 0.0, "train/episode": 200.0, "stats_g/mean": 0.8765451312065125, "stats_o/std": 0.07545115053653717, "stats_o/mean": 0.20329591631889343, "test/episode": 40.0, "test/mean_Q": -5.296374320983887, "stats_g/std": 0.16633154451847076}
{"epoch": 2, "train/success_rate": 0.0, "test/success_rate": 0.0, "train/episode": 300.0, "stats_g/mean": 0.8767317533493042, "stats_o/std": 0.07387834787368774, "stats_o/mean": 0.20310857892036438, "test/episode": 60.0, "test/mean_Q": -7.464805603027344, "stats_g/std": 0.16517461836338043}
{"epoch": 3, "train/success_rate": 0.0, "test/success_rate": 0.0, "train/episode": 400.0, "stats_g/mean": 0.8767919540405273, "stats_o/std": 0.07268916070461273, "stats_o/mean": 0.203145831823349, "test/episode": 80.0, "test/mean_Q": -9.705296516418457, "stats_g/std": 0.16393934190273285}
{"epoch": 4, "train/success_rate": 0.0, "test/success_rate": 0.0, "train/episode": 500.0, "stats_g/mean": 0.8767657279968262, "stats_o/std": 0.07307678461074829, "stats_o/mean": 0.20320096611976624, "test/episode": 100.0, "test/mean_Q": -11.813090324401855, "stats_g/std": 0.16576014459133148}
{"epoch": 5, "train/success_rate": 0.0, "test/success_rate": 0.0, "train/episode": 600.0, "stats_g/mean": 0.8768571019172668, "stats_o/std": 0.07342014461755753, "stats_o/mean": 0.20318147540092468, "test/episode": 120.0, "test/mean_Q": -13.977320671081543, "stats_g/std": 0.166306734085083}
{"epoch": 6, "train/success_rate": 0.0, "test/success_rate": 0.0, "train/episode": 700.0, "stats_g/mean": 0.8767921328544617, "stats_o/std": 0.07364578545093536, "stats_o/mean": 0.20310696959495544, "test/episode": 140.0, "test/mean_Q": -16.01932144165039, "stats_g/std": 0.16648639738559723}
{"epoch": 7, "train/success_rate": 0.0, "test/success_rate": 0.0, "train/episode": 800.0, "stats_g/mean": 0.8764241933822632, "stats_o/std": 0.07436256110668182, "stats_o/mean": 0.20292635262012482, "test/episode": 160.0, "test/mean_Q": -18.032421112060547, "stats_g/std": 0.1681247502565384}
{"epoch": 8, "train/success_rate": 0.0, "test/success_rate": 0.0, "train/episode": 900.0, "stats_g/mean": 0.87664395570755, "stats_o/std": 0.07471177726984024, "stats_o/mean": 0.20300273597240448, "test/episode": 180.0, "test/mean_Q": -20.00571632385254, "stats_g/std": 0.16858597099781036}
{"epoch": 9, "train/success_rate": 0.0, "test/success_rate": 0.0, "train/episode": 1000.0, "stats_g/mean": 0.8762524724006653, "stats_o/std": 0.07631226629018784, "stats_o/mean": 0.20302465558052063, "test/episode": 200.0, "test/mean_Q": -21.996814727783203, "stats_g/std": 0.17028717696666718}
{"epoch": 10, "train/success_rate": 0.0, "test/success_rate": 0.0, "train/episode": 1100.0, "stats_g/mean": 0.8760893940925598, "stats_o/std": 0.07746225595474243, "stats_o/mean": 0.20301370322704315, "test/episode": 220.0, "test/mean_Q": -23.83339500427246, "stats_g/std": 0.17211215198040009}
{"epoch": 11, "train/success_rate": 0.0, "test/success_rate": 0.0, "train/episode": 1200.0, "stats_g/mean": 0.8756787180900574, "stats_o/std": 0.07850143313407898, "stats_o/mean": 0.20298166573047638, "test/episode": 240.0, "test/mean_Q": -25.723987579345703, "stats_g/std": 0.17397110164165497}
{"epoch": 12, "train/success_rate": 0.0, "test/success_rate": 0.0, "train/episode": 1300.0, "stats_g/mean": 0.8755723834037781, "stats_o/std": 0.0799228772521019, "stats_o/mean": 0.20299449563026428, "test/episode": 260.0, "test/mean_Q": -27.503524780273438, "stats_g/std": 0.17620475590229034}
{"epoch": 13, "train/success_rate": 0.0, "test/success_rate": 0.0, "train/episode": 1400.0, "stats_g/mean": 0.8754234313964844, "stats_o/std": 0.08081488311290741, "stats_o/mean": 0.2029963731765747, "test/episode": 280.0, "test/mean_Q": -29.26438331604004, "stats_g/std": 0.17735253274440765}
{"epoch": 14, "train/success_rate": 0.0, "test/success_rate": 0.0, "train/episode": 1500.0, "stats_g/mean": 0.8752105832099915, "stats_o/std": 0.08202321082353592, "stats_o/mean": 0.20293526351451874, "test/episode": 300.0, "test/mean_Q": -30.959014892578125, "stats_g/std": 0.17874765396118164}
{"epoch": 15, "train/success_rate": 0.0, "test/success_rate": 0.0, "train/episode": 1600.0, "stats_g/mean": 0.874921977519989, "stats_o/std": 0.08313359320163727, "stats_o/mean": 0.2028818577528, "test/episode": 320.0, "test/mean_Q": -32.73400115966797, "stats_g/std": 0.1804836243391037}
{"epoch": 16, "train/success_rate": 0.0, "test/success_rate": 0.0, "train/episode": 1700.0, "stats_g/mean": 0.8744142651557922, "stats_o/std": 0.08426959812641144, "stats_o/mean": 0.20285682380199432, "test/episode": 340.0, "test/mean_Q": -34.347991943359375, "stats_g/std": 0.1823643296957016}
{"epoch": 17, "train/success_rate": 0.0, "test/success_rate": 0.0, "train/episode": 1800.0, "stats_g/mean": 0.8738813400268555, "stats_o/std": 0.08547206968069077, "stats_o/mean": 0.2028520554304123, "test/episode": 360.0, "test/mean_Q": -36.043670654296875, "stats_g/std": 0.18462075293064117}
{"epoch": 18, "train/success_rate": 0.0, "test/success_rate": 0.0, "train/episode": 1900.0, "stats_g/mean": 0.8733814358711243, "stats_o/std": 0.08674485981464386, "stats_o/mean": 0.20279891788959503, "test/episode": 380.0, "test/mean_Q": -37.533607482910156, "stats_g/std": 0.18682639300823212}
{"epoch": 19, "train/success_rate": 0.0, "test/success_rate": 0.0, "train/episode": 2000.0, "stats_g/mean": 0.8728912472724915, "stats_o/std": 0.08807961642742157, "stats_o/mean": 0.20270049571990967, "test/episode": 400.0, "test/mean_Q": -39.0777473449707, "stats_g/std": 0.18837231397628784}
{"epoch": 20, "train/success_rate": 0.0, "test/success_rate": 0.0, "train/episode": 2100.0, "stats_g/mean": 0.8726537823677063, "stats_o/std": 0.08932287245988846, "stats_o/mean": 0.20273730158805847, "test/episode": 420.0, "test/mean_Q": -40.50408935546875, "stats_g/std": 0.18972493708133698}
{"epoch": 21, "train/success_rate": 0.0, "test/success_rate": 0.0, "train/episode": 2200.0, "stats_g/mean": 0.8723846673965454, "stats_o/std": 0.0912230983376503, "stats_o/mean": 0.2027542144060135, "test/episode": 440.0, "test/mean_Q": -41.885826110839844, "stats_g/std": 0.19230975210666656}
{"epoch": 22, "train/success_rate": 0.0, "test/success_rate": 0.0, "train/episode": 2300.0, "stats_g/mean": 0.8718708157539368, "stats_o/std": 0.09304346889257431, "stats_o/mean": 0.20268221199512482, "test/episode": 460.0, "test/mean_Q": -43.29719161987305, "stats_g/std": 0.19475944340229034}
{"epoch": 23, "train/success_rate": 0.0, "test/success_rate": 0.0, "train/episode": 2400.0, "stats_g/mean": 0.8712407946586609, "stats_o/std": 0.09499280899763107, "stats_o/mean": 0.2026282548904419, "test/episode": 480.0, "test/mean_Q": -44.426212310791016, "stats_g/std": 0.19718711078166962}
{"epoch": 24, "train/success_rate": 0.0, "test/success_rate": 0.0, "train/episode": 2500.0, "stats_g/mean": 0.8703315854072571, "stats_o/std": 0.09785542637109756, "stats_o/mean": 0.20254263281822205, "test/episode": 500.0, "test/mean_Q": -45.675453186035156, "stats_g/std": 0.20082199573516846}
{"epoch": 25, "train/success_rate": 0.0, "test/success_rate": 0.0, "train/episode": 2600.0, "stats_g/mean": 0.8692225217819214, "stats_o/std": 0.10206933319568634, "stats_o/mean": 0.2023838460445404, "test/episode": 520.0, "test/mean_Q": -46.354705810546875, "stats_g/std": 0.20535452663898468}
{"epoch": 26, "train/success_rate": 0.0, "test/success_rate": 0.0, "train/episode": 2700.0, "stats_g/mean": 0.8678085207939148, "stats_o/std": 0.10682787746191025, "stats_o/mean": 0.20231647789478302, "test/episode": 540.0, "test/mean_Q": -47.32757568359375, "stats_g/std": 0.20979313552379608}
{"epoch": 27, "train/success_rate": 0.0, "test/success_rate": 0.0,