{"test/mean_Q": -0.32279664278030396, "stats_g/std": 0.11181963235139847, "epoch": 0, "stats_o/mean": 0.266254186630249, "train/episode": 10.0, "stats_g/mean": 0.8919516205787659, "train/success_rate": 0.4000000059604645, "test/success_rate": 0.8999999761581421, "test/episode": 10.0, "stats_o/std": 0.03682064265012741}
{"test/mean_Q": -0.7807663679122925, "stats_g/std": 0.09289459139108658, "epoch": 1, "stats_o/mean": 0.2643888592720032, "train/episode": 20.0, "stats_g/mean": 0.8855504989624023, "train/success_rate": 0.699999988079071, "test/success_rate": 0.8999999761581421, "test/episode": 20.0, "stats_o/std": 0.03181881457567215}
{"test/mean_Q": -0.45437732338905334, "stats_g/std": 0.08805347234010696, "epoch": 2, "stats_o/mean": 0.26508140563964844, "train/episode": 30.0, "stats_g/mean": 0.8864919543266296, "train/success_rate": 0.699999988079071, "test/success_rate": 1.0, "test/episode": 30.0, "stats_o/std": 0.030833443626761436}
{"test/mean_Q": -0.2965172529220581, "stats_g/std": 0.08910065144300461, "epoch": 3, "stats_o/mean": 0.264076292514801, "train/episode": 40.0, "stats_g/mean": 0.8831281065940857, "train/success_rate": 0.800000011920929, "test/success_rate": 1.0, "test/episode": 40.0, "stats_o/std": 0.03129115700721741}
{"test/mean_Q": -0.17762050032615662, "stats_g/std": 0.088189035654068, "epoch": 4, "stats_o/mean": 0.26456907391548157, "train/episode": 50.0, "stats_g/mean": 0.884739100933075, "train/success_rate": 0.699999988079071, "test/success_rate": 1.0, "test/episode": 50.0, "stats_o/std": 0.031176874414086342}
{"test/mean_Q": -0.06961710751056671, "stats_g/std": 0.0893358662724495, "epoch": 5, "stats_o/mean": 0.26420730352401733, "train/episode": 60.0, "stats_g/mean": 0.8830380439758301, "train/success_rate": 1.0, "test/success_rate": 1.0, "test/episode": 60.0, "stats_o/std": 0.03164079040288925}
{"test/mean_Q": -0.06440314650535583, "stats_g/std": 0.08933258056640625, "epoch": 6, "stats_o/mean": 0.2641582489013672, "train/episode": 70.0, "stats_g/mean": 0.8823327422142029, "train/success_rate": 0.800000011920929, "test/success_rate": 1.0, "test/episode": 70.0, "stats_o/std": 0.03168974071741104}
{"test/mean_Q": -0.1149408370256424, "stats_g/std": 0.08872103691101074, "epoch": 7, "stats_o/mean": 0.2642599642276764, "train/episode": 80.0, "stats_g/mean": 0.8827688694000244, "train/success_rate": 0.800000011920929, "test/success_rate": 1.0, "test/episode": 80.0, "stats_o/std": 0.03151001036167145}
{"test/mean_Q": -0.06185624748468399, "stats_g/std": 0.08840176463127136, "epoch": 8, "stats_o/mean": 0.2640611231327057, "train/episode": 90.0, "stats_g/mean": 0.8818333745002747, "train/success_rate": 0.800000011920929, "test/success_rate": 1.0, "test/episode": 90.0, "stats_o/std": 0.03145128861069679}
{"test/mean_Q": -0.07785488665103912, "stats_g/std": 0.08885131031274796, "epoch": 9, "stats_o/mean": 0.2635180354118347, "train/episode": 100.0, "stats_g/mean": 0.8795631527900696, "train/success_rate": 0.8999999761581421, "test/success_rate": 1.0, "test/episode": 100.0, "stats_o/std": 0.03168024495244026}
