{"test/success_rate": 0.10000000149011612, "stats_g/std": 0.07694399356842041, "test/episode": 10.0, "stats_o/mean": 0.2017529159784317, "test/mean_Q": -23.951906204223633, "stats_g/mean": 0.8400896191596985, "train/episode": 50.0, "epoch": 0, "train/success_rate": 0.14000000059604645, "stats_o/std": 0.062429893761873245}
{"test/success_rate": 0.0, "stats_g/std": 0.07672060281038284, "test/episode": 20.0, "stats_o/mean": 0.2016872614622116, "test/mean_Q": -22.84743309020996, "stats_g/mean": 0.8396682143211365, "train/episode": 100.0, "epoch": 1, "train/success_rate": 0.05999999865889549, "stats_o/std": 0.06245182827115059}
{"test/success_rate": 0.0, "stats_g/std": 0.07653098553419113, "test/episode": 30.0, "stats_o/mean": 0.20179706811904907, "test/mean_Q": -28.591388702392578, "stats_g/mean": 0.8397926688194275, "train/episode": 150.0, "epoch": 2, "train/success_rate": 0.019999999552965164, "stats_o/std": 0.062039557844400406}
{"test/success_rate": 0.20000000298023224, "stats_g/std": 0.07653503865003586, "test/episode": 40.0, "stats_o/mean": 0.2017044574022293, "test/mean_Q": -23.294326782226562, "stats_g/mean": 0.8395640254020691, "train/episode": 200.0, "epoch": 3, "train/success_rate": 0.1599999964237213, "stats_o/std": 0.061789121478796005}
{"test/success_rate": 0.10000000149011612, "stats_g/std": 0.07631880789995193, "test/episode": 50.0, "stats_o/mean": 0.2017301321029663, "test/mean_Q": -18.702253341674805, "stats_g/mean": 0.839780867099762, "train/episode": 250.0, "epoch": 4, "train/success_rate": 0.07999999821186066, "stats_o/std": 0.061297979205846786}
{"test/success_rate": 0.0, "stats_g/std": 0.0761227011680603, "test/episode": 60.0, "stats_o/mean": 0.2017044872045517, "test/mean_Q": -27.582000732421875, "stats_g/mean": 0.8396211266517639, "train/episode": 300.0, "epoch": 5, "train/success_rate": 0.03999999910593033, "stats_o/std": 0.06094132736325264}
{"test/success_rate": 0.0, "stats_g/std": 0.07687819004058838, "test/episode": 70.0, "stats_o/mean": 0.20174987614154816, "test/mean_Q": -31.135900497436523, "stats_g/mean": 0.8398222327232361, "train/episode": 350.0, "epoch": 6, "train/success_rate": 0.019999999552965164, "stats_o/std": 0.062016744166612625}
{"test/success_rate": 0.0, "stats_g/std": 0.0772542878985405, "test/episode": 80.0, "stats_o/mean": 0.2015974372625351, "test/mean_Q": -26.669397354125977, "stats_g/mean": 0.839494526386261, "train/episode": 400.0, "epoch": 7, "train/success_rate": 0.07999999821186066, "stats_o/std": 0.06258949637413025}
{"test/success_rate": 0.10000000149011612, "stats_g/std": 0.07741930335760117, "test/episode": 90.0, "stats_o/mean": 0.2016574889421463, "test/mean_Q": -29.011499404907227, "stats_g/mean": 0.8396672606468201, "train/episode": 450.0, "epoch": 8, "train/success_rate": 0.10000000149011612, "stats_o/std": 0.06282656639814377}
{"test/success_rate": 0.20000000298023224, "stats_g/std": 0.07732484489679337, "test/episode": 100.0, "stats_o/mean": 0.20167043805122375, "test/mean_Q": -22.785076141357422, "stats_g/mean": 0.8398773074150085, "train/episode": 500.0, "epoch": 9, "train/success_rate": 0.10000000149011612, "stats_o/std": 0.06283580511808395}
{"test/success_rate": 0.20000000298023224, "stats_g/std": 0.07769995927810669, "test/episode": 110.0, "stats_o/mean": 0.20168228447437286, "test/mean_Q": -24.419776916503906, "stats_g/mean": 0.839740514755249, "train/episode": 550.0, "epoch": 10, "train/success_rate": 0.07999999821186066, "stats_o/std": 0.06349137425422668}
{"test/success_rate": 0.10000000149011612, "stats_g/std": 0.07750909775495529, "test/episode": 120.0, "stats_o/mean": 0.2016339898109436, "test/mean_Q": -28.266897201538086, "stats_g/mean": 0.8394100666046143, "train/episode": 600.0, "epoch": 11, "train/success_rate": 0.05999999865889549, "stats_o/std": 0.06399494409561157}
{"test/success_rate": 0.10000000149011612, "stats_g/std": 0.0785156711935997, "test/episode": 130.0, "stats_o/mean": 0.2016039341688156, "test/mean_Q": -25.348140716552734, "stats_g/mean": 0.8394753336906433, "train/episode": 650.0, "epoch": 12, "train/success_rate": 0.07999999821186066, "stats_o/std": 0.06500895321369171}
{"test/success_rate": 0.10000000149011612, "stats_g/std": 0.07835235446691513, "test/episode": 140.0, "stats_o/mean": 0.2015858292579651, "test/mean_Q": -28.0270938873291, "stats_g/mean": 0.8394700884819031, "train/episode": 700.0, "epoch": 13, "train/success_rate": 0.05999999865889549, "stats_o/std": 0.06515379250049591}
{"test/success_rate": 0.10000000149011612, "stats_g/std": 0.07877499610185623, "test/episode": 150.0, "stats_o/mean": 0.20152834057807922, "test/mean_Q": -24.998455047607422, "stats_g/mean": 0.8393251895904541, "train/episode": 750.0, "epoch": 14, "train/success_rate": 0.019999999552965164, "stats_o/std": 0.06564003229141235}
{"test/success_rate": 0.10000000149011612, "stats_g/std": 0.08059711754322052, "test/episode": 160.0, "stats_o/mean": 0.20144037902355194, "test/mean_Q": -26.55275535583496, "stats_g/mean": 0.8389938473701477, "train/episode": 800.0, "epoch": 15, "train/success_rate": 0.07999999821186066, "stats_o/std": 0.06673667579889297}
{"test/success_rate": 0.30000001192092896, "stats_g/std": 0.08044054359197617, "test/episode": 170.0, "stats_o/mean": 0.20145872235298157, "test/mean_Q": -23.937387466430664, "stats_g/mean": 0.8390256762504578, "train/episode": 850.0, "epoch": 16, "train/success_rate": 0.07999999821186066, "stats_o/std": 0.06649985164403915}
{"test/success_rate": 0.0, "stats_g/std": 0.08033175766468048, "test/episode": 180.0, "stats_o/mean": 0.20136375725269318, "test/mean_Q": -29.733978271484375, "stats_g/mean": 0.8388553261756897, "train/episode": 900.0, "epoch": 17, "train/success_rate": 0.019999999552965164, "stats_o/std": 0.06637772917747498}
{"test/success_rate": 0.0, "stats_g/std": 0.0801180750131607, "test/episode": 190.0, "stats_o/mean": 0.2014252096414566, "test/mean_Q": -29.2935733795166, "stats_g/mean": 0.8389685153961182, "train/episode": 950.0, "epoch": 18, "train/success_rate": 0.03999999910593033, "stats_o/std": 0.06639336794614792}
{"test/success_rate": 0.0, "stats_g/std": 0.07988326996564865, "test/episode": 200.0, "stats_o/mean": 0.20139646530151367, "test/mean_Q": -30.93545913696289, "stats_g/mean": 0.8388059735298157, "train/episode": 1000.0, "epoch": 19, "train/success_rate": 0.14000000059604645, "stats_o/std": 0.06648121029138565}
