{"stats_o/mean": 0.26147037744522095, "test/success_rate": 0.3149999976158142, "train/success_rate": 0.2900000214576721, "stats_o/std": 0.03219351917505264, "stats_g/mean": 0.8686278462409973, "test/mean_Q": -1.029911994934082, "stats_g/std": 0.10224316269159317, "test/episode": 20.0, "train/episode": 20.0, "epoch": 0}
{"stats_o/mean": 0.2624562084674835, "test/success_rate": 0.7699999809265137, "train/success_rate": 0.4949999749660492, "stats_o/std": 0.029724791646003723, "stats_g/mean": 0.8722175359725952, "test/mean_Q": -0.8420795202255249, "stats_g/std": 0.09283176809549332, "test/episode": 40.0, "train/episode": 40.0, "epoch": 1}
{"stats_o/mean": 0.2620263695716858, "test/success_rate": 0.9449999928474426, "train/success_rate": 0.6499999761581421, "stats_o/std": 0.02905728854238987, "stats_g/mean": 0.8708221316337585, "test/mean_Q": -0.6543371081352234, "stats_g/std": 0.08979233354330063, "test/episode": 60.0, "train/episode": 60.0, "epoch": 2}
{"stats_o/mean": 0.2622218728065491, "test/success_rate": 0.9399999380111694, "train/success_rate": 0.7649999856948853, "stats_o/std": 0.028938990086317062, "stats_g/mean": 0.8722408413887024, "test/mean_Q": -0.5925313234329224, "stats_g/std": 0.0882684513926506, "test/episode": 80.0, "train/episode": 80.0, "epoch": 3}
{"stats_o/mean": 0.2618428170681, "test/success_rate": 0.9850000143051147, "train/success_rate": 0.7800000309944153, "stats_o/std": 0.02900283969938755, "stats_g/mean": 0.8710955381393433, "test/mean_Q": -0.36506399512290955, "stats_g/std": 0.08741050958633423, "test/episode": 100.0, "train/episode": 100.0, "epoch": 4}
{"stats_o/mean": 0.26177978515625, "test/success_rate": 0.9950000047683716, "train/success_rate": 0.7350000143051147, "stats_o/std": 0.02920660376548767, "stats_g/mean": 0.8710162043571472, "test/mean_Q": -0.22867660224437714, "stats_g/std": 0.08700715750455856, "test/episode": 120.0, "train/episode": 120.0, "epoch": 5}
{"stats_o/mean": 0.26178210973739624, "test/success_rate": 1.0, "train/success_rate": 0.7450000047683716, "stats_o/std": 0.029419297352433205, "stats_g/mean": 0.871231198310852, "test/mean_Q": -0.16523787379264832, "stats_g/std": 0.086945541203022, "test/episode": 140.0, "train/episode": 140.0, "epoch": 6}
{"stats_o/mean": 0.2618527412414551, "test/success_rate": 1.0, "train/success_rate": 0.7400000095367432, "stats_o/std": 0.029582828283309937, "stats_g/mean": 0.8716208338737488, "test/mean_Q": -0.13930101692676544, "stats_g/std": 0.08678153902292252, "test/episode": 160.0, "train/episode": 160.0, "epoch": 7}
{"stats_o/mean": 0.2617552876472473, "test/success_rate": 1.0, "train/success_rate": 0.75, "stats_o/std": 0.02970636449754238, "stats_g/mean": 0.8713626861572266, "test/mean_Q": -0.13770021498203278, "stats_g/std": 0.08652477711439133, "test/episode": 180.0, "train/episode": 180.0, "epoch": 8}
{"stats_o/mean": 0.2619042992591858, "test/success_rate": 1.0, "train/success_rate": 0.7250000238418579, "stats_o/std": 0.029858281835913658, "stats_g/mean": 0.8719816207885742, "test/mean_Q": -0.10572268813848495, "stats_g/std": 0.08655659109354019, "test/episode": 200.0, "train/episode": 200.0, "epoch": 9}
{"stats_o/mean": 0.261991947889328, "test/success_rate": 1.0, "train/success_rate": 0.75, "stats_o/std": 0.029931196942925453, "stats_g/mean": 0.8723642230033875, "test/mean_Q": -0.12534694373607635, "stats_g/std": 0.08641382306814194, "test/episode": 220.0, "train/episode": 220.0, "epoch": 10}
{"stats_o/mean": 0.2617771029472351, "test/success_rate": 1.0, "train/success_rate": 0.7549999952316284, "stats_o/std": 0.02991398051381111, "stats_g/mean": 0.8716047406196594, "test/mean_Q": -0.11924214661121368, "stats_g/std": 0.08599592000246048, "test/episode": 240.0, "train/episode": 240.0, "epoch": 11}
{"stats_o/mean": 0.2617693543434143, "test/success_rate": 1.0, "train/success_rate": 0.699999988079071, "stats_o/std": 0.029933910816907883, "stats_g/mean": 0.8716326951980591, "test/mean_Q": -0.11355100572109222, "stats_g/std": 0.08580134063959122, "test/episode": 260.0, "train/episode": 260.0, "epoch": 12}
{"stats_o/mean": 0.26180553436279297, "test/success_rate": 1.0, "train/success_rate": 0.6599999666213989, "stats_o/std": 0.02998438850045204, "stats_g/mean": 0.8717641830444336, "test/mean_Q": -0.13878320157527924, "stats_g/std": 0.08572209626436234, "test/episode": 280.0, "train/episode": 280.0, "epoch": 13}
{"stats_o/mean": 0.26161810755729675, "test/success_rate": 1.0, "train/success_rate": 0.7250000238418579, "stats_o/std": 0.03003624640405178, "stats_g/mean": 0.8710999488830566, "test/mean_Q": -0.1365320384502411, "stats_g/std": 0.08576782792806625, "test/episode": 300.0, "train/episode": 300.0, "epoch": 14}
{"stats_o/mean": 0.2616738975048065, "test/success_rate": 1.0, "train/success_rate": 0.6950000524520874, "stats_o/std": 0.03005278669297695, "stats_g/mean": 0.8713696599006653, "test/mean_Q": -0.10676006972789764, "stats_g/std": 0.08566337823867798, "test/episode": 320.0, "train/episode": 320.0, "epoch": 15}
{"stats_o/mean": 0.26158779859542847, "test/success_rate": 1.0, "train/success_rate": 0.699999988079071, "stats_o/std": 0.030049148947000504, "stats_g/mean": 0.8710832595825195, "test/mean_Q": -0.10209910571575165, "stats_g/std": 0.08553171902894974, "test/episode": 340.0, "train/episode": 340.0, "epoch": 16}
{"stats_o/mean": 0.2616235017776489, "test/success_rate": 1.0, "train/success_rate": 0.6699999570846558, "stats_o/std": 0.03006734885275364, "stats_g/mean": 0.8712292909622192, "test/mean_Q": -0.1080518364906311, "stats_g/std": 0.08546172827482224, "test/episode": 360.0, "train/episode": 360.0, "epoch": 17}
{"stats_o/mean": 0.2615760266780853, "test/success_rate": 1.0, "train/success_rate": 0.6650000214576721, "stats_o/std": 0.030074501410126686, "stats_g/mean": 0.8710468411445618, "test/mean_Q": -0.08683178573846817, "stats_g/std": 0.08538763970136642, "test/episode": 380.0, "train/episode": 380.0, "epoch": 18}
{"stats_o/mean": 0.2615857720375061, "test/success_rate": 1.0, "train/success_rate": 0.7149999737739563, "stats_o/std": 0.030073806643486023, "stats_g/mean": 0.8710718154907227, "test/mean_Q": -0.06089039519429207, "stats_g/std": 0.08528866618871689, "test/episode": 400.0, "train/episode": 400.0, "epoch": 19}
{"stats_o/mean": 0.2615951895713806, "test/success_rate": 1.0, "train/success_rate": 0.6599999666213989, "stats_o/std": 0.030037954449653625, "stats_g/mean": 0.8711720705032349, "test/mean_Q": -0.10339770466089249, "stats_g/std": 0.0850847139954567, "test/episode": 420.0, "train/episode": 420.0, "epoch": 20}
{"stats_o/mean": 0.26158037781715393, "test/success_rate": 1.0, "train/success_rate": 0.6700000166893005, "stats_o/std": 0.03006463684141636, "stats_g/mean": 0.8711433410644531, "test/mean_Q": -0.06667651236057281, "stats_g/std": 0.08506736159324646, "test/episode": 440.0, "train/episode": 440.0, "epoch": 21}
{"stats_o/mean": 0.2616227865219116, "test/success_rate": 1.0, "train/success_rate": 0.6650000214576721, "stats_o/std": 0.030065808445215225, "stats_g/mean": 0.8713228106498718, "test/mean_Q": -0.08284322172403336, "stats_g/std": 0.08495865017175674, "test/episode": 460.0, "train/episode": 460.0, "epoch": 22}
{"stats_o/mean": 0.26169925928115845, "test/success_rate": 1.0, "train/success_rate": 0.75, "stats_o/std": 0.03006809949874878, "stats_g/mean": 0.8716177940368652, "test/mean_Q": -0.07150395214557648, "stats_g/std": 0.0848851427435875, "test/episode": 480.0, "train/episode": 480.0, "epoch": 23}
{"stats_o/mean": 0.2617329955101013, "test/success_rate": 1.0, "train/success_rate": 0.6700000166893005, "stats_o/std": 0.03008182905614376, "stats_g/mean": 0.8717716336250305, "test/mean_Q": -0.04766782373189926, "stats_g/std": 0.08487378805875778, "test/episode": 500.0, "train/episode": 500.0, "epoch": 24}
{"stats_o/mean": 0.26174890995025635, "test/success_rate": 1.0, "train/success_rate": 0.6799999475479126, "stats_o/std": 0.030097102746367455, "stats_g/mean": 0.8718518018722534, "test/mean_Q": -0.07574965059757233,