{"test/success_rate": 0.0, "train/episode": 100.0, "stats_o/std": 0.05416085571050644, "stats_g/std": 0.12628145515918732, "test/mean_Q": -3.2273356914520264, "test/episode": 20.0, "train/success_rate": 0.0, "stats_o/mean": 0.20391252636909485, "stats_g/mean": 0.8827897906303406, "epoch": 0}
{"test/success_rate": 0.0, "train/episode": 200.0, "stats_o/std": 0.0551011748611927, "stats_g/std": 0.1278279572725296, "test/mean_Q": -5.318337917327881, "test/episode": 40.0, "train/success_rate": 0.0, "stats_o/mean": 0.20370011031627655, "stats_g/mean": 0.8828147649765015, "epoch": 1}
{"test/success_rate": 0.0, "train/episode": 300.0, "stats_o/std": 0.05528435856103897, "stats_g/std": 0.12870286405086517, "test/mean_Q": -7.365360260009766, "test/episode": 60.0, "train/success_rate": 0.0, "stats_o/mean": 0.2033570110797882, "stats_g/mean": 0.8824718594551086, "epoch": 2}
{"test/success_rate": 0.0, "train/episode": 400.0, "stats_o/std": 0.053512685000896454, "stats_g/std": 0.12795445322990417, "test/mean_Q": -9.35190200805664, "test/episode": 80.0, "train/success_rate": 0.0, "stats_o/mean": 0.20351310074329376, "stats_g/mean": 0.8828088641166687, "epoch": 3}
{"test/success_rate": 0.0, "train/episode": 500.0, "stats_o/std": 0.05294892191886902, "stats_g/std": 0.12782113254070282, "test/mean_Q": -11.242354393005371, "test/episode": 100.0, "train/success_rate": 0.0, "stats_o/mean": 0.20347130298614502, "stats_g/mean": 0.88227778673172, "epoch": 4}
{"test/success_rate": 0.0, "train/episode": 600.0, "stats_o/std": 0.05237451195716858, "stats_g/std": 0.12759162485599518, "test/mean_Q": -13.074600219726562, "test/episode": 120.0, "train/success_rate": 0.0, "stats_o/mean": 0.20359592139720917, "stats_g/mean": 0.8825405240058899, "epoch": 5}
{"test/success_rate": 0.0, "train/episode": 700.0, "stats_o/std": 0.05221370607614517, "stats_g/std": 0.12709940969944, "test/mean_Q": -14.846517562866211, "test/episode": 140.0, "train/success_rate": 0.0, "stats_o/mean": 0.20366768538951874, "stats_g/mean": 0.8826481699943542, "epoch": 6}
{"test/success_rate": 0.0, "train/episode": 800.0, "stats_o/std": 0.05171141028404236, "stats_g/std": 0.12704633176326752, "test/mean_Q": -16.55514907836914, "test/episode": 160.0, "train/success_rate": 0.0, "stats_o/mean": 0.2036249339580536, "stats_g/mean": 0.8823029398918152, "epoch": 7}
{"test/success_rate": 0.0, "train/episode": 900.0, "stats_o/std": 0.05178195983171463, "stats_g/std": 0.12705369293689728, "test/mean_Q": -18.119558334350586, "test/episode": 180.0, "train/success_rate": 0.0, "stats_o/mean": 0.2036164104938507, "stats_g/mean": 0.8821045756340027, "epoch": 8}
{"test/success_rate": 0.0, "train/episode": 1000.0, "stats_o/std": 0.05191764235496521, "stats_g/std": 0.12714783847332, "test/mean_Q": -19.696941375732422, "test/episode": 200.0, "train/success_rate": 0.0, "stats_o/mean": 0.20368440449237823, "stats_g/mean": 0.8821132779121399, "epoch": 9}
{"test/success_rate": 0.0, "train/episode": 1100.0, "stats_o/std": 0.05236811190843582, "stats_g/std": 0.1270323544740677, "test/mean_Q": -21.119964599609375, "test/episode": 220.0, "train/success_rate": 0.0, "stats_o/mean": 0.20375803112983704, "stats_g/mean": 0.8822860717773438, "epoch": 10}
{"test/success_rate": 0.0, "train/episode": 1200.0, "stats_o/std": 0.052422136068344116, "stats_g/std": 0.12689895927906036, "test/mean_Q": -22.512680053710938, "test/episode": 240.0, "train/success_rate": 0.0, "stats_o/mean": 0.20382288098335266, "stats_g/mean": 0.8823002576828003, "epoch": 11}
{"test/success_rate": 0.0, "train/episode": 1300.0, "stats_o/std": 0.052528124302625656, "stats_g/std": 0.12687553465366364, "test/mean_Q": -23.78921890258789, "test/episode": 260.0, "train/success_rate": 0.0, "stats_o/mean": 0.20386557281017303, "stats_g/mean": 0.8823198080062866, "epoch": 12}
{"test/success_rate": 0.0, "train/episode": 1400.0, "stats_o/std": 0.05287135764956474, "stats_g/std": 0.12683890759944916, "test/mean_Q": -25.10015106201172, "test/episode": 280.0, "train/success_rate": 0.0, "stats_o/mean": 0.2038230448961258, "stats_g/mean": 0.8823051452636719, "epoch": 13}
{"test/success_rate": 0.0, "train/episode": 1500.0, "stats_o/std": 0.052867043763399124, "stats_g/std": 0.1269330382347107, "test/mean_Q": -26.279815673828125, "test/episode": 300.0, "train/success_rate": 0.0, "stats_o/mean": 0.2038491666316986, "stats_g/mean": 0.882429301738739, "epoch": 14}
{"test/success_rate": 0.0, "train/episode": 1600.0, "stats_o/std": 0.05284091830253601, "stats_g/std": 0.1268967241048813, "test/mean_Q": -27.42822265625, "test/episode": 320.0, "train/success_rate": 0.0, "stats_o/mean": 0.20388980209827423, "stats_g/mean": 0.8824642300605774, "epoch": 15}
{"test/success_rate": 0.0, "train/episode": 1700.0, "stats_o/std": 0.05255169793963432, "stats_g/std": 0.12684912979602814, "test/mean_Q": -28.488605499267578, "test/episode": 340.0, "train/success_rate": 0.0, "stats_o/mean": 0.20388416945934296, "stats_g/mean": 0.8824425935745239, "epoch": 16}
{"test/success_rate": 0.0, "train/episode": 1800.0, "stats_o/std": 0.05236203595995903, "stats_g/std": 0.1268005222082138, "test/mean_Q": -29.5311222076416, "test/episode": 360.0, "train/success_rate": 0.0, "stats_o/mean": 0.20394127070903778, "stats_g/mean": 0.882581889629364, "epoch": 17}
{"test/success_rate": 0.0, "train/episode": 1900.0, "stats_o/std": 0.05232333391904831, "stats_g/std": 0.12680746614933014, "test/mean_Q": -30.508991241455078, "test/episode": 380.0, "train/success_rate": 0.0, "stats_o/mean": 0.20391865074634552, "stats_g/mean": 0.882579505443573, "epoch": 18}
{"test/success_rate": 0.0, "train/episode": 2000.0, "stats_o/std": 0.05234868451952934, "stats_g/std": 0.12681597471237183, "test/mean_Q": -31.481887817382812, "test/episode": 400.0, "train/success_rate": 0.0, "stats_o/mean": 0.20393915474414825, "stats_g/mean": 0.8826065063476562, "epoch": 19}
{"test/success_rate": 0.0, "train/episode": 2100.0, "stats_o/std": 0.05235859751701355, "stats_g/std": 0.1268843561410904, "test/mean_Q": -32.4053955078125, "test/episode": 420.0, "train/success_rate": 0.0, "stats_o/mean": 0.20395402610301971, "stats_g/mean": 0.8826315999031067, "epoch": 20}
{"test/success_rate": 0.0, "train/episode": 2200.0, "stats_o/std": 0.05237460136413574, "stats_g/std": 0.12698565423488617, "test/mean_Q": -33.24962615966797, "test/episode": 440.0, "train/success_rate": 0.0, "stats_o/mean": 0.20396602153778076, "stats_g/mean": 0.882675290107727, "epoch": 21}
{"test/success_rate": 0.0, "train/episode": 2300.0, "stats_o/std": 0.05228007957339287, "stats_g/std": 0.1269502192735672, "test/mean_Q": -34.03156661987305, "test/episode": 460.0, "train/success_rate": 0.0, "stats_o/mean": 0.20399555563926697, "stats_g/mean": 0.8827847242355347, "epoch": 22}
{"test/success_rate": 0.0, "train/episode": 2400.0, "stats_o/std": 0.05210559442639351, "stats_g/std": 0.12688197195529938, "test/mean_Q": -34.743675231933594, "test/episode": 480.0, "train/success_rate": 0.0, "stats_o/mean": 0.2040216028690338, "stats_g/mean": 0.8828412890434265, "epoch": 23}
{"test/success_rate": 0.0, "train/episode": 2500.0, "stats_o/std": 0.052003610879182816, "stats_g/std": 0.12691858410835266, "test/mean_Q": -35.55438995361328, "test/episode": 500.0, "train/success_rate": 0.0, "stats_o/mean": 0.20399650931358337, "stats_g/mean": 0.8827630877494812, "epoch": 24}
{"test/success_rate": 0.0, "train/episode": 2600.0, "stats_o/std": 0.05211607366800308, "stats_g/std": 0.12697190046310425, "test/mean_Q": -36.224063873291016, "test/episode": 520.0, "train/success_rate": 0.0, "stats_o/mean": 0.2039843052625656, "stats_g/mean": 0.8827045559883118, "epoch": 25}
{"test/success_rate": 0.0, "train/episode": 2700.0, "stats_o/std": 0.05212743207812309, "stats_g/std": 0.12698857486248016, "test/mean_Q": -36.8953971862793, "test/episode": 540.0, "train/success_rate": 0.0, "stats_o/mean": 0.20397913455963135, "stats_g/mean": 0.8826702237129211, "epoch": 26}
{"test/success_rate": 0.0, "train/episode": 2800.0,