{"epoch": 0, "test/success_rate": 0.0, "stats_o/std": 0.05786048248410225, "test/mean_Q": -3.192125082015991, "train/success_rate": 0.0, "test/episode": 20.0, "stats_g/std": 0.12800879776477814, "stats_g/mean": 0.8829288482666016, "train/episode": 100.0, "stats_o/mean": 0.20453807711601257}
{"epoch": 1, "test/success_rate": 0.0, "stats_o/std": 0.05389134958386421, "test/mean_Q": -5.283560276031494, "train/success_rate": 0.0, "test/episode": 40.0, "stats_g/std": 0.1270056515932083, "stats_g/mean": 0.8832330703735352, "train/episode": 200.0, "stats_o/mean": 0.204572394490242}
{"epoch": 2, "test/success_rate": 0.0, "stats_o/std": 0.052879929542541504, "test/mean_Q": -7.310399055480957, "train/success_rate": 0.0, "test/episode": 60.0, "stats_g/std": 0.12726472318172455, "stats_g/mean": 0.8828935623168945, "train/episode": 300.0, "stats_o/mean": 0.2042924463748932}
{"epoch": 3, "test/success_rate": 0.0, "stats_o/std": 0.05156059190630913, "test/mean_Q": -9.289681434631348, "train/success_rate": 0.0, "test/episode": 80.0, "stats_g/std": 0.12726087868213654, "stats_g/mean": 0.8821369409561157, "train/episode": 400.0, "stats_o/mean": 0.20402655005455017}
{"epoch": 4, "test/success_rate": 0.0, "stats_o/std": 0.050559453666210175, "test/mean_Q": -11.225830078125, "train/success_rate": 0.0, "test/episode": 100.0, "stats_g/std": 0.12705977261066437, "stats_g/mean": 0.8820684552192688, "train/episode": 500.0, "stats_o/mean": 0.20401939749717712}
{"epoch": 5, "test/success_rate": 0.0, "stats_o/std": 0.050724096596241, "test/mean_Q": -13.081207275390625, "train/success_rate": 0.0, "test/episode": 120.0, "stats_g/std": 0.126926451921463, "stats_g/mean": 0.8821486234664917, "train/episode": 600.0, "stats_o/mean": 0.20405837893486023}
{"epoch": 6, "test/success_rate": 0.0, "stats_o/std": 0.05055622011423111, "test/mean_Q": -14.830302238464355, "train/success_rate": 0.0, "test/episode": 140.0, "stats_g/std": 0.12691567838191986, "stats_g/mean": 0.882088840007782, "train/episode": 700.0, "stats_o/mean": 0.20398327708244324}
{"epoch": 7, "test/success_rate": 0.0, "stats_o/std": 0.05023665353655815, "test/mean_Q": -16.4596004486084, "train/success_rate": 0.0, "test/episode": 160.0, "stats_g/std": 0.1268930286169052, "stats_g/mean": 0.8822784423828125, "train/episode": 800.0, "stats_o/mean": 0.20401254296302795}
{"epoch": 8, "test/success_rate": 0.0, "stats_o/std": 0.05014418810606003, "test/mean_Q": -18.100284576416016, "train/success_rate": 0.0, "test/episode": 180.0, "stats_g/std": 0.12691578269004822, "stats_g/mean": 0.8823201060295105, "train/episode": 900.0, "stats_o/mean": 0.20396995544433594}
{"epoch": 9, "test/success_rate": 0.0, "stats_o/std": 0.04991495981812477, "test/mean_Q": -19.648073196411133, "train/success_rate": 0.0, "test/episode": 200.0, "stats_g/std": 0.12682849168777466, "stats_g/mean": 0.8824014663696289, "train/episode": 1000.0, "stats_o/mean": 0.2040177881717682}
{"epoch": 10, "test/success_rate": 0.0, "stats_o/std": 0.04969191551208496, "test/mean_Q": -21.095348358154297, "train/success_rate": 0.0, "test/episode": 220.0, "stats_g/std": 0.12679310142993927, "stats_g/mean": 0.8825075030326843, "train/episode": 1100.0, "stats_o/mean": 0.2041006088256836}
{"epoch": 11, "test/success_rate": 0.0, "stats_o/std": 0.04945413023233414, "test/mean_Q": -22.55348777770996, "train/success_rate": 0.0, "test/episode": 240.0, "stats_g/std": 0.12673835456371307, "stats_g/mean": 0.8824082612991333, "train/episode": 1200.0, "stats_o/mean": 0.20408907532691956}
{"epoch": 12, "test/success_rate": 0.0, "stats_o/std": 0.04964562878012657, "test/mean_Q": -23.91440200805664, "train/success_rate": 0.0, "test/episode": 260.0, "stats_g/std": 0.12684398889541626, "stats_g/mean": 0.8822264671325684, "train/episode": 1300.0, "stats_o/mean": 0.2040572613477707}
{"epoch": 13, "test/success_rate": 0.0, "stats_o/std": 0.04969076067209244, "test/mean_Q": -25.093074798583984, "train/success_rate": 0.0, "test/episode": 280.0, "stats_g/std": 0.12685056030750275, "stats_g/mean": 0.8822431564331055, "train/episode": 1400.0, "stats_o/mean": 0.20404860377311707}
{"epoch": 14, "test/success_rate": 0.0, "stats_o/std": 0.04975027218461037, "test/mean_Q": -26.354873657226562, "train/success_rate": 0.0, "test/episode": 300.0, "stats_g/std": 0.12700898945331573, "stats_g/mean": 0.8821171522140503, "train/episode": 1500.0, "stats_o/mean": 0.20399565994739532}
{"epoch": 15, "test/success_rate": 0.0, "stats_o/std": 0.050165653228759766, "test/mean_Q": -27.457157135009766, "train/success_rate": 0.0, "test/episode": 320.0, "stats_g/std": 0.12698176503181458, "stats_g/mean": 0.8821446299552917, "train/episode": 1600.0, "stats_o/mean": 0.20400598645210266}
{"epoch": 16, "test/success_rate": 0.0, "stats_o/std": 0.05022236704826355, "test/mean_Q": -28.510889053344727, "train/success_rate": 0.0, "test/episode": 340.0, "stats_g/std": 0.12697546184062958, "stats_g/mean": 0.882157027721405, "train/episode": 1700.0, "stats_o/mean": 0.20401616394519806}
{"epoch": 17, "test/success_rate": 0.0, "stats_o/std": 0.05019792169332504, "test/mean_Q": -29.521413803100586, "train/success_rate": 0.0, "test/episode": 360.0, "stats_g/std": 0.12699243426322937, "stats_g/mean": 0.8820677995681763, "train/episode": 1800.0, "stats_o/mean": 0.20398786664009094}
{"epoch": 18, "test/success_rate": 0.0, "stats_o/std": 0.0502166673541069, "test/mean_Q": -30.52895736694336, "train/success_rate": 0.0, "test/episode": 380.0, "stats_g/std": 0.12695324420928955, "stats_g/mean": 0.8819243311882019, "train/episode": 1900.0, "stats_o/mean": 0.20394067466259003}
{"epoch": 19, "test/success_rate": 0.0, "stats_o/std": 0.05039628595113754, "test/mean_Q": -31.53887367248535, "train/success_rate": 0.0, "test/episode": 400.0, "stats_g/std": 0.1268615871667862, "stats_g/mean": 0.881986141204834, "train/episode": 2000.0, "stats_o/mean": 0.20395997166633606}
{"epoch": 20, "test/success_rate": 0.0, "stats_o/std": 0.05048884078860283, "test/mean_Q": -32.387245178222656, "train/success_rate": 0.0, "test/episode": 420.0, "stats_g/std": 0.12683948874473572, "stats_g/mean": 0.8820148706436157, "train/episode": 2100.0, "stats_o/mean": 0.20396342873573303}
{"epoch": 21, "test/success_rate": 0.0, "stats_o/std": 0.05055297166109085, "test/mean_Q": -33.24510955810547, "train/success_rate": 0.0, "test/episode": 440.0, "stats_g/std": 0.12687094509601593, "stats_g/mean": 0.8820347785949707, "train/episode": 2200.0, "stats_o/mean": 0.20395195484161377}
{"epoch": 22, "test/success_rate": 0.0, "stats_o/std": 0.050603099167346954, "test/mean_Q": -34.15455627441406, "train/success_rate": 0.0, "test/episode": 460.0, "stats_g/std": 0.12684138119220734, "stats_g/mean": 0.8820915222167969, "train/episode": 2300.0, "stats_o/mean": 0.20396164059638977}
{"epoch": 23, "test/success_rate": 0.0, "stats_o/std": 0.0506657138466835, "test/mean_Q": -34.802146911621094, "train/success_rate": 0.0, "test/episode": 480.0, "stats_g/std": 0.12683828175067902, "stats_g/mean": 0.8821150660514832, "train/episode": 2400.0, "stats_o/mean": 0.20395812392234802}
{"epoch": 24, "test/success_rate": 0.0, "stats_o/std": 0.050622470676898956, "test/mean_Q": -35.55093765258789, "train/success_rate": 0.0, "test/episode": 500.0, "stats_g/std": 0.12685497105121613, "stats_g/mean": 0.8820575475692749, "train/episode": 2500.0, "stats_o/mean": 0.2039371281862259}
{"epoch": 25, "test/success_rate": 0.0, "stats_o/std": 0.05064971372485161, "test/mean_Q": -36.2308235168457, "train/success_rate": 0.0, "test/episode": 520.0, "stats_g/std": 0.12695451080799103, "stats_g/mean": 0.8820935487747192, "train/episode": 2600.0, "stats_o/mean": 0.20394542813301086}
{"epoch": 26, "test/success_rate": 0.0, "stats_o/std": 0.05066850781440735, "test/mean_Q": -36.96259307861328, "train/success_rate": 0.0, "test/episode": 540.0, "stats_g/std": 0.12700305879116058, "stats_g/mean": 0.8821005821228027, "train/episode": 2700.0, "stats_o/mean": 0.20394375920295715}
{"epoch": 27, "test/success_rate": 0.0,