{"test/success_rate": 0.02500000037252903, "test/episode": 20.0, "train/episode": 100.0, "stats_o/mean": 0.20412185788154602, "train/success_rate": 0.038999999314546584, "test/mean_Q": -2.9046874046325684, "stats_g/mean": 0.8443482518196106, "epoch": 0, "stats_o/std": 0.04908161237835884, "stats_g/std": 0.09315427392721176}
{"test/success_rate": 0.06999999918043613, "test/episode": 40.0, "train/episode": 200.0, "stats_o/mean": 0.20406095683574677, "train/success_rate": 0.04399999603629112, "test/mean_Q": -4.67910099029541, "stats_g/mean": 0.8450759649276733, "epoch": 1, "stats_o/std": 0.05283791944384575, "stats_g/std": 0.09281382709741592}
{"test/success_rate": 0.05000000149011612, "test/episode": 60.0, "train/episode": 300.0, "stats_o/mean": 0.20392438769340515, "train/success_rate": 0.04699999839067459, "test/mean_Q": -6.672687530517578, "stats_g/mean": 0.8453471064567566, "epoch": 2, "stats_o/std": 0.05468795821070671, "stats_g/std": 0.09295827150344849}
{"test/success_rate": 0.015000000223517418, "test/episode": 80.0, "train/episode": 400.0, "stats_o/mean": 0.2040390521287918, "train/success_rate": 0.03500000014901161, "test/mean_Q": -8.796171188354492, "stats_g/mean": 0.8453894853591919, "epoch": 3, "stats_o/std": 0.05747799947857857, "stats_g/std": 0.09399053454399109}
{"test/success_rate": 0.05000000149011612, "test/episode": 100.0, "train/episode": 500.0, "stats_o/mean": 0.2041456401348114, "train/success_rate": 0.041999995708465576, "test/mean_Q": -10.26948356628418, "stats_g/mean": 0.845514178276062, "epoch": 4, "stats_o/std": 0.06230559200048447, "stats_g/std": 0.09490960091352463}
{"test/success_rate": 0.055000001937150954, "test/episode": 120.0, "train/episode": 600.0, "stats_o/mean": 0.20409777760505676, "train/success_rate": 0.0369999997317791, "test/mean_Q": -11.983540534973145, "stats_g/mean": 0.8455438613891602, "epoch": 5, "stats_o/std": 0.06824516505002975, "stats_g/std": 0.0962100699543953}
{"test/success_rate": 0.04500000067055225, "test/episode": 140.0, "train/episode": 700.0, "stats_o/mean": 0.2041495144367218, "train/success_rate": 0.04800000041723251, "test/mean_Q": -13.431207656860352, "stats_g/mean": 0.8455181121826172, "epoch": 6, "stats_o/std": 0.07452037930488586, "stats_g/std": 0.09831539541482925}
{"test/success_rate": 0.0600000012665987, "test/episode": 160.0, "train/episode": 800.0, "stats_o/mean": 0.20390620827674866, "train/success_rate": 0.06000000238418579, "test/mean_Q": -14.01902961730957, "stats_g/mean": 0.8451501727104187, "epoch": 7, "stats_o/std": 0.08259272575378418, "stats_g/std": 0.10041508823633194}
{"test/success_rate": 0.11000000052154064, "test/episode": 180.0, "train/episode": 900.0, "stats_o/mean": 0.2038935124874115, "train/success_rate": 0.0689999982714653, "test/mean_Q": -14.293853759765625, "stats_g/mean": 0.8454529047012329, "epoch": 8, "stats_o/std": 0.08853231370449066, "stats_g/std": 0.10152830928564072}
{"test/success_rate": 0.125, "test/episode": 200.0, "train/episode": 1000.0, "stats_o/mean": 0.2037063091993332, "train/success_rate": 0.12200000137090683, "test/mean_Q": -15.1018705368042, "stats_g/mean": 0.8452644348144531, "epoch": 9, "stats_o/std": 0.09457831084728241, "stats_g/std": 0.10267549753189087}
{"test/success_rate": 0.22999998927116394, "test/episode": 220.0, "train/episode": 1100.0, "stats_o/mean": 0.20354370772838593, "train/success_rate": 0.14900000393390656, "test/mean_Q": -14.238334655761719, "stats_g/mean": 0.8451306223869324, "epoch": 10, "stats_o/std": 0.1010662168264389, "stats_g/std": 0.10321416705846786}
{"test/success_rate": 0.36500000953674316, "test/episode": 240.0, "train/episode": 1200.0, "stats_o/mean": 0.20344331860542297, "train/success_rate": 0.22200000286102295, "test/mean_Q": -12.762081146240234, "stats_g/mean": 0.8451118469238281, "epoch": 11, "stats_o/std": 0.10631833225488663, "stats_g/std": 0.10347899049520493}
{"test/success_rate": 0.3799999952316284, "test/episode": 260.0, "train/episode": 1300.0, "stats_o/mean": 0.20338277518749237, "train/success_rate": 0.2840000092983246, "test/mean_Q": -13.095001220703125, "stats_g/mean": 0.8450775146484375, "epoch": 12, "stats_o/std": 0.11053290218114853, "stats_g/std": 0.10338035970926285}
{"test/success_rate": 0.4150000214576721, "test/episode": 280.0, "train/episode": 1400.0, "stats_o/mean": 0.20353122055530548, "train/success_rate": 0.32600003480911255, "test/mean_Q": -14.144403457641602, "stats_g/mean": 0.8453620672225952, "epoch": 13, "stats_o/std": 0.11464433372020721, "stats_g/std": 0.1033586636185646}
{"test/success_rate": 0.5850000381469727, "test/episode": 300.0, "train/episode": 1500.0, "stats_o/mean": 0.20352956652641296, "train/success_rate": 0.38499999046325684, "test/mean_Q": -11.173046112060547, "stats_g/mean": 0.8455073237419128, "epoch": 14, "stats_o/std": 0.11797871440649033, "stats_g/std": 0.10327563434839249}
{"test/success_rate": 0.48000001907348633, "test/episode": 320.0, "train/episode": 1600.0, "stats_o/mean": 0.20353980362415314, "train/success_rate": 0.39100000262260437, "test/mean_Q": -13.419299125671387, "stats_g/mean": 0.8453540802001953, "epoch": 15, "stats_o/std": 0.12066316604614258, "stats_g/std": 0.10315845161676407}
{"test/success_rate": 0.5199999809265137, "test/episode": 340.0, "train/episode": 1700.0, "stats_o/mean": 0.2035873830318451, "train/success_rate": 0.4410000443458557, "test/mean_Q": -12.160090446472168, "stats_g/mean": 0.8453631401062012, "epoch": 16, "stats_o/std": 0.12365923076868057, "stats_g/std": 0.1031070351600647}
{"test/success_rate": 0.5249999761581421, "test/episode": 360.0, "train/episode": 1800.0, "stats_o/mean": 0.2037132978439331, "train/success_rate": 0.4150000214576721, "test/mean_Q": -12.868990898132324, "stats_g/mean": 0.8454227447509766, "epoch": 17, "stats_o/std": 0.1262972354888916, "stats_g/std": 0.10319403558969498}
{"test/success_rate": 0.49500003457069397, "test/episode": 380.0, "train/episode": 1900.0, "stats_o/mean": 0.2037164866924286, "train/success_rate": 0.4429999887943268, "test/mean_Q": -13.618265151977539, "stats_g/mean": 0.8455294370651245, "epoch": 18, "stats_o/std": 0.12909981608390808, "stats_g/std": 0.10292909294366837}
{"test/success_rate": 0.5300000309944153, "test/episode": 400.0, "train/episode": 2000.0, "stats_o/mean": 0.2037423849105835, "train/success_rate": 0.4440000057220459, "test/mean_Q": -12.945826530456543, "stats_g/mean": 0.8454011082649231, "epoch": 19, "stats_o/std": 0.13137805461883545, "stats_g/std": 0.10303789377212524}
{"test/success_rate": 0.5649999976158142, "test/episode": 420.0, "train/episode": 2100.0, "stats_o/mean": 0.20378205180168152, "train/success_rate": 0.4570000171661377, "test/mean_Q": -13.145538330078125, "stats_g/mean": 0.8454002141952515, "epoch": 20, "stats_o/std": 0.13323183357715607, "stats_g/std": 0.10299313068389893}
{"test/success_rate": 0.6299999952316284, "test/episode": 440.0, "train/episode": 2200.0, "stats_o/mean": 0.20384147763252258, "train/success_rate": 0.46700000762939453, "test/mean_Q": -11.764091491699219, "stats_g/mean": 0.8454268574714661, "epoch": 21, "stats_o/std": 0.13485051691532135, "stats_g/std": 0.10303375869989395}
{"test/success_rate": 0.5899999737739563, "test/episode": 460.0, "train/episode": 2300.0, "stats_o/mean": 0.20391163229942322, "train/success_rate": 0.4619999825954437, "test/mean_Q": -10.616043090820312, "stats_g/mean": 0.8455580472946167, "epoch": 22, "stats_o/std": 0.1364220678806305, "stats_g/std": 0.10320869833230972}
{"test/success_rate": 0.6100000143051147, "test/episode": 480.0, "train/episode": 2400.0, "stats_o/mean": 0.20402982831001282, "train/success_rate": 0.4729999899864197, "test/mean_Q": -9.985101699829102, "stats_g/mean": 0.8456301689147949, "epoch": 23, "stats_o/std": 0.13802461326122284, "stats_g/std": 0.10331716388463974}
{"test/success_rate": 0.6550000309944153, "test/episode": 500.0, "train/episode": 2500.0, "stats_o/mean": 0.2039245069026947, "train/success_rate": 0.47699999809265137, "test/mean_Q": -9.560199737548828,