epoch,stats_g/mean,stats_g/std,stats_o/mean,stats_o/std,test/episode,test/mean_Q,test/success_rate,train/episode,train/success_rate
0,0.84658724,0.07458525,0.20584445,0.07241872,10.0,-1.9549408,0.1,50.0,0.0
1,0.84215975,0.07520271,0.203939,0.07592753,20.0,-3.7554734,0.1,100.0,0.04
2,0.84260315,0.07642349,0.20504656,0.080903016,30.0,-5.076078,0.0,150.0,0.04
3,0.8424441,0.0752584,0.2039724,0.07936637,40.0,-6.729235,0.2,200.0,0.0
