{"test/mean_Q": -2.6669323444366455, "stats_o/std": 0.04731522500514984, "stats_o/mean": 0.20158708095550537, "stats_g/std": 0.07077916711568832, "train/episode": 100.0, "train/success_rate": 0.0729999989271164, "epoch": 0, "test/success_rate": 0.08500000201165676, "stats_g/mean": 0.8392448425292969, "test/episode": 20.0}
{"test/mean_Q": -4.812744617462158, "stats_o/std": 0.046126145869493484, "stats_o/mean": 0.2018413245677948, "stats_g/std": 0.07030042260885239, "train/episode": 200.0, "train/success_rate": 0.06300000101327896, "epoch": 1, "test/success_rate": 0.05500000081956387, "stats_g/mean": 0.839817225933075, "test/episode": 40.0}
{"test/mean_Q": -6.7814531326293945, "stats_o/std": 0.04670245945453644, "stats_o/mean": 0.20197410881519318, "stats_g/std": 0.07054318487644196, "train/episode": 300.0, "train/success_rate": 0.07800000160932541, "epoch": 2, "test/success_rate": 0.055000001564621925, "stats_g/mean": 0.8405678868293762, "test/episode": 60.0}
{"test/mean_Q": -8.446234703063965, "stats_o/std": 0.047855183482170105, "stats_o/mean": 0.20191220939159393, "stats_g/std": 0.07190771400928497, "train/episode": 400.0, "train/success_rate": 0.07500000298023224, "epoch": 3, "test/success_rate": 0.08000000081956386, "stats_g/mean": 0.8405270576477051, "test/episode": 80.0}
{"test/mean_Q": -9.750396728515625, "stats_o/std": 0.04947587847709656, "stats_o/mean": 0.20186874270439148, "stats_g/std": 0.07330375164747238, "train/episode": 500.0, "train/success_rate": 0.09200000017881393, "epoch": 4, "test/success_rate": 0.10499999970197678, "stats_g/mean": 0.8403118252754211, "test/episode": 100.0}
{"test/mean_Q": -10.498010635375977, "stats_o/std": 0.05074035003781319, "stats_o/mean": 0.20184782147407532, "stats_g/std": 0.07340928912162781, "train/episode": 600.0, "train/success_rate": 0.10399999469518661, "epoch": 5, "test/success_rate": 0.16999999582767486, "stats_g/mean": 0.8401587605476379, "test/episode": 120.0}
{"test/mean_Q": -11.5681734085083, "stats_o/std": 0.052953630685806274, "stats_o/mean": 0.20196349918842316, "stats_g/std": 0.0744183138012886, "train/episode": 700.0, "train/success_rate": 0.14800000190734863, "epoch": 6, "test/success_rate": 0.2150000035762787, "stats_g/mean": 0.8402945399284363, "test/episode": 140.0}
{"test/mean_Q": -11.099116325378418, "stats_o/std": 0.055797137320041656, "stats_o/mean": 0.20207607746124268, "stats_g/std": 0.07521342486143112, "train/episode": 800.0, "train/success_rate": 0.23499998450279236, "epoch": 7, "test/success_rate": 0.33000001311302185, "stats_g/mean": 0.8406435251235962, "test/episode": 160.0}
{"test/mean_Q": -6.934795379638672, "stats_o/std": 0.05946275591850281, "stats_o/mean": 0.20210906863212585, "stats_g/std": 0.07553007453680038, "train/episode": 900.0, "train/success_rate": 0.3930000066757202, "epoch": 8, "test/success_rate": 0.625, "stats_g/mean": 0.8407551050186157, "test/episode": 180.0}
{"test/mean_Q": -4.876850605010986, "stats_o/std": 0.0650458037853241, "stats_o/mean": 0.20204642415046692, "stats_g/std": 0.07553680986166, "train/episode": 1000.0, "train/success_rate": 0.6309999823570251, "epoch": 9, "test/success_rate": 0.7649999856948853, "stats_g/mean": 0.8407109379768372, "test/episode": 200.0}
{"test/mean_Q": -1.9812519550323486, "stats_o/std": 0.07096171379089355, "stats_o/mean": 0.20222464203834534, "stats_g/std": 0.07514133304357529, "train/episode": 1100.0, "train/success_rate": 0.7910000085830688, "epoch": 10, "test/success_rate": 0.9050000309944153, "stats_g/mean": 0.8405396342277527, "test/episode": 220.0}
{"test/mean_Q": -1.584709882736206, "stats_o/std": 0.07585341483354568, "stats_o/mean": 0.20210477709770203, "stats_g/std": 0.07491668313741684, "train/episode": 1200.0, "train/success_rate": 0.8570000529289246, "epoch": 11, "test/success_rate": 0.949999988079071, "stats_g/mean": 0.8405997157096863, "test/episode": 240.0}
{"test/mean_Q": -1.2335649728775024, "stats_o/std": 0.07963942736387253, "stats_o/mean": 0.20212717354297638, "stats_g/std": 0.07444289326667786, "train/episode": 1300.0, "train/success_rate": 0.9149999618530273, "epoch": 12, "test/success_rate": 0.9950000047683716, "stats_g/mean": 0.8406225442886353, "test/episode": 260.0}
{"test/mean_Q": -1.2693731784820557, "stats_o/std": 0.08249157667160034, "stats_o/mean": 0.20217745006084442, "stats_g/std": 0.07441050559282303, "train/episode": 1400.0, "train/success_rate": 0.9259999990463257, "epoch": 13, "test/success_rate": 0.98499995470047, "stats_g/mean": 0.8406726717948914, "test/episode": 280.0}
{"test/mean_Q": -1.2173949480056763, "stats_o/std": 0.08478417247533798, "stats_o/mean": 0.2023725062608719, "stats_g/std": 0.07412498444318771, "train/episode": 1500.0, "train/success_rate": 0.9259999990463257, "epoch": 14, "test/success_rate": 0.9899999499320984, "stats_g/mean": 0.8406828045845032, "test/episode": 300.0}
{"test/mean_Q": -1.214704155921936, "stats_o/std": 0.08703237771987915, "stats_o/mean": 0.20250244438648224, "stats_g/std": 0.07377166301012039, "train/episode": 1600.0, "train/success_rate": 0.9390000104904175, "epoch": 15, "test/success_rate": 0.9950000047683716, "stats_g/mean": 0.8406844139099121, "test/episode": 320.0}
{"test/mean_Q": -1.07333242893219, "stats_o/std": 0.08868285268545151, "stats_o/mean": 0.20263347029685974, "stats_g/std": 0.07363858073949814, "train/episode": 1700.0, "train/success_rate": 0.9390000104904175, "epoch": 16, "test/success_rate": 1.0, "stats_g/mean": 0.8406068682670593, "test/episode": 340.0}
{"test/mean_Q": -1.1241590976715088, "stats_o/std": 0.08993588387966156, "stats_o/mean": 0.20275071263313293, "stats_g/std": 0.0734051913022995, "train/episode": 1800.0, "train/success_rate": 0.9450000524520874, "epoch": 17, "test/success_rate": 1.0, "stats_g/mean": 0.8406403660774231, "test/episode": 360.0}
{"test/mean_Q": -1.0370590686798096, "stats_o/std": 0.09129320830106735, "stats_o/mean": 0.20273227989673615, "stats_g/std": 0.07325934618711472, "train/episode": 1900.0, "train/success_rate": 0.949999988079071, "epoch": 18, "test/success_rate": 0.9950000047683716, "stats_g/mean": 0.8405656814575195, "test/episode": 380.0}
{"test/mean_Q": -1.0142936706542969, "stats_o/std": 0.09251025319099426, "stats_o/mean": 0.2027597725391388, "stats_g/std": 0.07302557677030563, "train/episode": 2000.0, "train/success_rate": 0.9550000429153442, "epoch": 19, "test/success_rate": 0.9950000047683716, "stats_g/mean": 0.8405531048774719, "test/episode": 400.0}
{"test/mean_Q": -1.0375899076461792, "stats_o/std": 0.09334447979927063, "stats_o/mean": 0.2027854174375534, "stats_g/std": 0.07277870923280716, "train/episode": 2100.0, "train/success_rate": 0.9449999928474426, "epoch": 20, "test/success_rate": 0.9950000047683716, "stats_g/mean": 0.8406294584274292, "test/episode": 420.0}
{"test/mean_Q": -1.2740962505340576, "stats_o/std": 0.0941523015499115, "stats_o/mean": 0.2029169797897339, "stats_g/std": 0.07254839688539505, "train/episode": 2200.0, "train/success_rate": 0.9570000767707825, "epoch": 21, "test/success_rate": 0.9950000047683716, "stats_g/mean": 0.8406688570976257, "test/episode": 440.0}
{"test/mean_Q": -1.0563956499099731, "stats_o/std": 0.09475790709257126, "stats_o/mean": 0.20295624434947968, "stats_g/std": 0.07245392352342606, "train/episode": 2300.0, "train/success_rate": 0.9480000734329224, "epoch": 22, "test/success_rate": 1.0, "stats_g/mean": 0.8406330347061157, "test/episode": 460.0}
{"test/mean_Q": -1.0484516620635986, "stats_o/std": 0.09540610015392303, "stats_o/mean": 0.20303604006767273, "stats_g/std": 0.07239843159914017, "train/episode": 2400.0, "train/success_rate": 0.9519999623298645, "epoch": 23, "test/success_rate": 0.9950000047683716, "stats_g/mean": 0.8407024145126343, "test/episode": 480.0}
{"test/mean_Q": -1.023045301437378, "stats_o/std": 0.09618264436721802, "stats_o/mean": 0.20305636525154114, "stats_g/std": 0.07221518456935883, "train/episode": 2500.0, "train/success_rate": 0.9530000686645508, "epoch": 24, "test/success_rate": 0.9950000047683716,