{"epoch": 0, "test/success_rate": 0.0, "stats_g/mean": 0.816491425037384, "train/success_rate": 0.0, "stats_o/mean": 0.17374221980571747, "test/episode": 20.0, "stats_g/std": 0.2366878092288971, "test/mean_Q": -3.237353563308716, "train/episode": 100.0, "stats_o/std": 0.05985621362924576}
{"epoch": 1, "test/success_rate": 0.0, "stats_g/mean": 0.8162849545478821, "train/success_rate": 0.0, "stats_o/mean": 0.17363780736923218, "test/episode": 40.0, "stats_g/std": 0.23706789314746857, "test/mean_Q": -5.349700927734375, "train/episode": 200.0, "stats_o/std": 0.059906017035245895}
{"epoch": 2, "test/success_rate": 0.0, "stats_g/mean": 0.8159324526786804, "train/success_rate": 0.0, "stats_o/mean": 0.17351315915584564, "test/episode": 60.0, "stats_g/std": 0.23611263930797577, "test/mean_Q": -7.3629302978515625, "train/episode": 300.0, "stats_o/std": 0.06013287976384163}
{"epoch": 3, "test/success_rate": 0.0, "stats_g/mean": 0.8170493245124817, "train/success_rate": 0.0, "stats_o/mean": 0.17371022701263428, "test/episode": 80.0, "stats_g/std": 0.2355537712574005, "test/mean_Q": -9.372552871704102, "train/episode": 400.0, "stats_o/std": 0.0590459480881691}
{"epoch": 4, "test/success_rate": 0.0, "stats_g/mean": 0.8163814544677734, "train/success_rate": 0.0, "stats_o/mean": 0.17361946403980255, "test/episode": 100.0, "stats_g/std": 0.23565714061260223, "test/mean_Q": -11.307882308959961, "train/episode": 500.0, "stats_o/std": 0.05820988491177559}
{"epoch": 5, "test/success_rate": 0.0, "stats_g/mean": 0.8160675168037415, "train/success_rate": 0.0, "stats_o/mean": 0.17361056804656982, "test/episode": 120.0, "stats_g/std": 0.23506784439086914, "test/mean_Q": -13.120549201965332, "train/episode": 600.0, "stats_o/std": 0.05779653042554855}
{"epoch": 6, "test/success_rate": 0.0, "stats_g/mean": 0.8162589073181152, "train/success_rate": 0.0, "stats_o/mean": 0.17369408905506134, "test/episode": 140.0, "stats_g/std": 0.23509712517261505, "test/mean_Q": -14.866132736206055, "train/episode": 700.0, "stats_o/std": 0.058220990002155304}
{"epoch": 7, "test/success_rate": 0.0, "stats_g/mean": 0.8158882856369019, "train/success_rate": 0.0, "stats_o/mean": 0.1736079454421997, "test/episode": 160.0, "stats_g/std": 0.23581890761852264, "test/mean_Q": -16.522029876708984, "train/episode": 800.0, "stats_o/std": 0.0583888478577137}
{"epoch": 8, "test/success_rate": 0.0, "stats_g/mean": 0.8161991238594055, "train/success_rate": 0.0, "stats_o/mean": 0.17370723187923431, "test/episode": 180.0, "stats_g/std": 0.23636260628700256, "test/mean_Q": -18.10694694519043, "train/episode": 900.0, "stats_o/std": 0.05901937559247017}
{"epoch": 9, "test/success_rate": 0.0, "stats_g/mean": 0.8159754872322083, "train/success_rate": 0.0, "stats_o/mean": 0.17368696630001068, "test/episode": 200.0, "stats_g/std": 0.23641204833984375, "test/mean_Q": -19.581289291381836, "train/episode": 1000.0, "stats_o/std": 0.05990157276391983}
{"epoch": 10, "test/success_rate": 0.0, "stats_g/mean": 0.8157726526260376, "train/success_rate": 0.0, "stats_o/mean": 0.17365722358226776, "test/episode": 220.0, "stats_g/std": 0.23710770905017853, "test/mean_Q": -21.051137924194336, "train/episode": 1100.0, "stats_o/std": 0.06064630672335625}
{"epoch": 11, "test/success_rate": 0.0, "stats_g/mean": 0.8156880140304565, "train/success_rate": 0.0, "stats_o/mean": 0.17359612882137299, "test/episode": 240.0, "stats_g/std": 0.2369472086429596, "test/mean_Q": -22.414981842041016, "train/episode": 1200.0, "stats_o/std": 0.06129683181643486}
{"epoch": 12, "test/success_rate": 0.0, "stats_g/mean": 0.8158280253410339, "train/success_rate": 0.0, "stats_o/mean": 0.173614501953125, "test/episode": 260.0, "stats_g/std": 0.2372884303331375, "test/mean_Q": -23.837738037109375, "train/episode": 1300.0, "stats_o/std": 0.06202356889843941}
{"epoch": 13, "test/success_rate": 0.0, "stats_g/mean": 0.8160390853881836, "train/success_rate": 0.0, "stats_o/mean": 0.17363984882831573, "test/episode": 280.0, "stats_g/std": 0.23748846352100372, "test/mean_Q": -25.033626556396484, "train/episode": 1400.0, "stats_o/std": 0.0629173070192337}
{"epoch": 14, "test/success_rate": 0.0, "stats_g/mean": 0.8159481287002563, "train/success_rate": 0.0, "stats_o/mean": 0.17369677126407623, "test/episode": 300.0, "stats_g/std": 0.2378498613834381, "test/mean_Q": -26.262653350830078, "train/episode": 1500.0, "stats_o/std": 0.06406395882368088}
{"epoch": 15, "test/success_rate": 0.0, "stats_g/mean": 0.8158941268920898, "train/success_rate": 0.0, "stats_o/mean": 0.17368513345718384, "test/episode": 320.0, "stats_g/std": 0.2379034459590912, "test/mean_Q": -27.273706436157227, "train/episode": 1600.0, "stats_o/std": 0.06464570015668869}
{"epoch": 16, "test/success_rate": 0.0, "stats_g/mean": 0.8157886266708374, "train/success_rate": 0.0, "stats_o/mean": 0.17364254593849182, "test/episode": 340.0, "stats_g/std": 0.2381475418806076, "test/mean_Q": -28.090389251708984, "train/episode": 1700.0, "stats_o/std": 0.06533204019069672}
{"epoch": 17, "test/success_rate": 0.0, "stats_g/mean": 0.8157528042793274, "train/success_rate": 0.0, "stats_o/mean": 0.1736839860677719, "test/episode": 360.0, "stats_g/std": 0.23813967406749725, "test/mean_Q": -29.063562393188477, "train/episode": 1800.0, "stats_o/std": 0.06573891639709473}
{"epoch": 18, "test/success_rate": 0.0, "stats_g/mean": 0.8158342242240906, "train/success_rate": 0.0, "stats_o/mean": 0.1737143099308014, "test/episode": 380.0, "stats_g/std": 0.23804548382759094, "test/mean_Q": -30.192489624023438, "train/episode": 1900.0, "stats_o/std": 0.06586255878210068}
{"epoch": 19, "test/success_rate": 0.0, "stats_g/mean": 0.815700352191925, "train/success_rate": 0.0, "stats_o/mean": 0.17368745803833008, "test/episode": 400.0, "stats_g/std": 0.23811860382556915, "test/mean_Q": -31.111865997314453, "train/episode": 2000.0, "stats_o/std": 0.06594214588403702}
