{"train/success_rate": 0.026999999582767487, "train/episode": 100.0, "epoch": 0, "stats_o/std": 0.03762981295585632, "stats_o/mean": 0.2045605629682541, "stats_g/mean": 0.8622206449508667, "test/success_rate": 0.015000000223517418, "test/episode": 20.0, "stats_g/std": 0.1199784129858017, "test/mean_Q": -2.9271597862243652}
{"train/success_rate": 0.030000000074505807, "train/episode": 200.0, "epoch": 1, "stats_o/std": 0.038359105587005615, "stats_o/mean": 0.2042207419872284, "stats_g/mean": 0.8616397976875305, "test/success_rate": 0.010000000149011612, "test/episode": 40.0, "stats_g/std": 0.12088366597890854, "test/mean_Q": -5.079131126403809}
{"train/success_rate": 0.015999999642372132, "train/episode": 300.0, "epoch": 2, "stats_o/std": 0.038368724286556244, "stats_o/mean": 0.2042584866285324, "stats_g/mean": 0.8622883558273315, "test/success_rate": 0.03500000089406967, "test/episode": 60.0, "stats_g/std": 0.12361185252666473, "test/mean_Q": -6.841399192810059}
{"train/success_rate": 0.043000000342726705, "train/episode": 400.0, "epoch": 3, "stats_o/std": 0.03969711810350418, "stats_o/mean": 0.2041105329990387, "stats_g/mean": 0.8620470762252808, "test/success_rate": 0.03500000052154064, "test/episode": 80.0, "stats_g/std": 0.12631072103977203, "test/mean_Q": -8.550773620605469}
{"train/success_rate": 0.06199999898672104, "train/episode": 500.0, "epoch": 4, "stats_o/std": 0.040907975286245346, "stats_o/mean": 0.2042059451341629, "stats_g/mean": 0.86188143491745, "test/success_rate": 0.1300000011920929, "test/episode": 100.0, "stats_g/std": 0.12756897509098053, "test/mean_Q": -8.926813125610352}
{"train/success_rate": 0.09399999678134918, "train/episode": 600.0, "epoch": 5, "stats_o/std": 0.04269004240632057, "stats_o/mean": 0.20407631993293762, "stats_g/mean": 0.861666202545166, "test/success_rate": 0.1700000062584877, "test/episode": 120.0, "stats_g/std": 0.12851689755916595, "test/mean_Q": -10.167749404907227}
{"train/success_rate": 0.10799999535083771, "train/episode": 700.0, "epoch": 6, "stats_o/std": 0.043587394058704376, "stats_o/mean": 0.20398692786693573, "stats_g/mean": 0.8612920641899109, "test/success_rate": 0.17499999701976776, "test/episode": 140.0, "stats_g/std": 0.128327414393425, "test/mean_Q": -11.094505310058594}
{"train/success_rate": 0.18200001120567322, "train/episode": 800.0, "epoch": 7, "stats_o/std": 0.044752348214387894, "stats_o/mean": 0.20388543605804443, "stats_g/mean": 0.8609956502914429, "test/success_rate": 0.23499998450279236, "test/episode": 160.0, "stats_g/std": 0.12870757281780243, "test/mean_Q": -11.251633644104004}
{"train/success_rate": 0.18699999153614044, "train/episode": 900.0, "epoch": 8, "stats_o/std": 0.04569661617279053, "stats_o/mean": 0.20382778346538544, "stats_g/mean": 0.8609064221382141, "test/success_rate": 0.2900000214576721, "test/episode": 180.0, "stats_g/std": 0.1293065994977951, "test/mean_Q": -12.082718849182129}
{"train/success_rate": 0.23000001907348633, "train/episode": 1000.0, "epoch": 9, "stats_o/std": 0.04636412113904953, "stats_o/mean": 0.20380035042762756, "stats_g/mean": 0.8608315587043762, "test/success_rate": 0.3800000250339508, "test/episode": 200.0, "stats_g/std": 0.12932901084423065, "test/mean_Q": -11.140329360961914}
{"train/success_rate": 0.26099997758865356, "train/episode": 1100.0, "epoch": 10, "stats_o/std": 0.04665917530655861, "stats_o/mean": 0.20384395122528076, "stats_g/mean": 0.8610690832138062, "test/success_rate": 0.3199999928474426, "test/episode": 220.0, "stats_g/std": 0.1293935328722, "test/mean_Q": -13.3980073928833}
{"train/success_rate": 0.26899999380111694, "train/episode": 1200.0, "epoch": 11, "stats_o/std": 0.04701028764247894, "stats_o/mean": 0.2039526402950287, "stats_g/mean": 0.8612343668937683, "test/success_rate": 0.4050000309944153, "test/episode": 240.0, "stats_g/std": 0.12920360267162323, "test/mean_Q": -12.847723007202148}
{"train/success_rate": 0.2919999957084656, "train/episode": 1300.0, "epoch": 12, "stats_o/std": 0.04741359129548073, "stats_o/mean": 0.20401272177696228, "stats_g/mean": 0.861416220664978, "test/success_rate": 0.4599999785423279, "test/episode": 260.0, "stats_g/std": 0.12933212518692017, "test/mean_Q": -12.714120864868164}
{"train/success_rate": 0.32399997115135193, "train/episode": 1400.0, "epoch": 13, "stats_o/std": 0.04774429276585579, "stats_o/mean": 0.2040582150220871, "stats_g/mean": 0.8615801930427551, "test/success_rate": 0.4399999678134918, "test/episode": 280.0, "stats_g/std": 0.12948475778102875, "test/mean_Q": -12.50494384765625}
{"train/success_rate": 0.31300002336502075, "train/episode": 1500.0, "epoch": 14, "stats_o/std": 0.04807218164205551, "stats_o/mean": 0.2040693461894989, "stats_g/mean": 0.8615769147872925, "test/success_rate": 0.46000003814697266, "test/episode": 300.0, "stats_g/std": 0.12961401045322418, "test/mean_Q": -13.135798454284668}
{"train/success_rate": 0.33500000834465027, "train/episode": 1600.0, "epoch": 15, "stats_o/std": 0.04815332964062691, "stats_o/mean": 0.2040979564189911, "stats_g/mean": 0.8615423440933228, "test/success_rate": 0.4399999976158142, "test/episode": 320.0, "stats_g/std": 0.12968198955059052, "test/mean_Q": -11.504887580871582}
{"train/success_rate": 0.37400001287460327, "train/episode": 1700.0, "epoch": 16, "stats_o/std": 0.04828512668609619, "stats_o/mean": 0.204158753156662, "stats_g/mean": 0.8616207242012024, "test/success_rate": 0.5799999833106995, "test/episode": 340.0, "stats_g/std": 0.13001714646816254, "test/mean_Q": -11.39250373840332}
{"train/success_rate": 0.39000001549720764, "train/episode": 1800.0, "epoch": 17, "stats_o/std": 0.04846230894327164, "stats_o/mean": 0.20423045754432678, "stats_g/mean": 0.8618721961975098, "test/success_rate": 0.5450000166893005, "test/episode": 360.0, "stats_g/std": 0.1301119327545166, "test/mean_Q": -10.418630599975586}
{"train/success_rate": 0.39800000190734863, "train/episode": 1900.0, "epoch": 18, "stats_o/std": 0.048455506563186646, "stats_o/mean": 0.2042769193649292, "stats_g/mean": 0.8621538877487183, "test/success_rate": 0.5149999856948853, "test/episode": 380.0, "stats_g/std": 0.13018913567066193, "test/mean_Q": -11.320170402526855}
{"train/success_rate": 0.4139999747276306, "train/episode": 2000.0, "epoch": 19, "stats_o/std": 0.04829447343945503, "stats_o/mean": 0.20431499183177948, "stats_g/mean": 0.8625164031982422, "test/success_rate": 0.4049999713897705, "test/episode": 400.0, "stats_g/std": 0.13010521233081818, "test/mean_Q": -14.012979507446289}
{"train/success_rate": 0.3790000081062317, "train/episode": 2100.0, "epoch": 20, "stats_o/std": 0.04831307381391525, "stats_o/mean": 0.20430657267570496, "stats_g/mean": 0.86255943775177, "test/success_rate": 0.5699999928474426, "test/episode": 420.0, "stats_g/std": 0.12986160814762115, "test/mean_Q": -12.510459899902344}
{"train/success_rate": 0.421999990940094, "train/episode": 2200.0, "epoch": 21, "stats_o/std": 0.04837989807128906, "stats_o/mean": 0.20435789227485657, "stats_g/mean": 0.8629761934280396, "test/success_rate": 0.625, "test/episode": 440.0, "stats_g/std": 0.12981151044368744, "test/mean_Q": -11.676033020019531}
{"train/success_rate": 0.3920000195503235, "train/episode": 2300.0, "epoch": 22, "stats_o/std": 0.04847458750009537, "stats_o/mean": 0.2044394314289093, "stats_g/mean": 0.8634753227233887, "test/success_rate": 0.6200000047683716, "test/episode": 460.0, "stats_g/std": 0.12993673980236053, "test/mean_Q": -11.089345932006836}
{"train/success_rate": 0.4179999828338623, "train/episode": 2400.0, "epoch": 23, "stats_o/std": 0.04857717454433441, "stats_o/mean": 0.20447368919849396, "stats_g/mean": 0.8638929128646851, "test/success_rate": 0.6000000238418579, "test/episode": 480.0, "stats_g/std": 0.12985575199127197, "test/mean_Q": -10.495779037475586}
{"train/success_rate": 0.40799999237060547, "train/episode": 2500.0, "epoch": 24, "stats_o/std": 0.048687662929296494, "stats_o/mean": 0.20450106263160706, "stats_g/mean": 0.8644357919692993,