{"stats_o/std": 0.0597199909389019, "train/success_rate": 0.0, "stats_g/std": 0.25398871302604675, "test/mean_Q": -3.2263197898864746, "epoch": 0, "test/episode": 20.0, "stats_g/mean": 0.8166041374206543, "stats_o/mean": 0.173551544547081, "test/success_rate": 0.0, "train/episode": 100.0}
{"stats_o/std": 0.057940997183322906, "train/success_rate": 0.0, "stats_g/std": 0.2532302439212799, "test/mean_Q": -5.351404666900635, "epoch": 1, "test/episode": 40.0, "stats_g/mean": 0.8157688975334167, "stats_o/mean": 0.17338185012340546, "test/success_rate": 0.0, "train/episode": 200.0}
{"stats_o/std": 0.05813312530517578, "train/success_rate": 0.0, "stats_g/std": 0.2537742853164673, "test/mean_Q": -7.356013298034668, "epoch": 2, "test/episode": 60.0, "stats_g/mean": 0.814683735370636, "stats_o/mean": 0.17313943803310394, "test/success_rate": 0.0, "train/episode": 300.0}
{"stats_o/std": 0.05790267512202263, "train/success_rate": 0.0, "stats_g/std": 0.25453975796699524, "test/mean_Q": -9.413935661315918, "epoch": 3, "test/episode": 80.0, "stats_g/mean": 0.8140413165092468, "stats_o/mean": 0.17314481735229492, "test/success_rate": 0.0, "train/episode": 400.0}
{"stats_o/std": 0.05813850089907646, "train/success_rate": 0.0, "stats_g/std": 0.25477734208106995, "test/mean_Q": -11.290647506713867, "epoch": 4, "test/episode": 100.0, "stats_g/mean": 0.813945472240448, "stats_o/mean": 0.1731862872838974, "test/success_rate": 0.0, "train/episode": 500.0}
{"stats_o/std": 0.05909447744488716, "train/success_rate": 0.0, "stats_g/std": 0.2565919756889343, "test/mean_Q": -13.17602252960205, "epoch": 5, "test/episode": 120.0, "stats_g/mean": 0.8131960034370422, "stats_o/mean": 0.17313557863235474, "test/success_rate": 0.0, "train/episode": 600.0}
{"stats_o/std": 0.05928195267915726, "train/success_rate": 0.0, "stats_g/std": 0.2566927373409271, "test/mean_Q": -14.936332702636719, "epoch": 6, "test/episode": 140.0, "stats_g/mean": 0.8127983212471008, "stats_o/mean": 0.17302361130714417, "test/success_rate": 0.0, "train/episode": 700.0}
{"stats_o/std": 0.06056899577379227, "train/success_rate": 0.0, "stats_g/std": 0.2578525245189667, "test/mean_Q": -16.520885467529297, "epoch": 7, "test/episode": 160.0, "stats_g/mean": 0.8122164607048035, "stats_o/mean": 0.17297397553920746, "test/success_rate": 0.0, "train/episode": 800.0}
{"stats_o/std": 0.061289578676223755, "train/success_rate": 0.0, "stats_g/std": 0.25848934054374695, "test/mean_Q": -18.2075252532959, "epoch": 8, "test/episode": 180.0, "stats_g/mean": 0.8115741610527039, "stats_o/mean": 0.17289213836193085, "test/success_rate": 0.0, "train/episode": 900.0}
{"stats_o/std": 0.06164150312542915, "train/success_rate": 0.0, "stats_g/std": 0.2591082751750946, "test/mean_Q": -19.632190704345703, "epoch": 9, "test/episode": 200.0, "stats_g/mean": 0.8115108609199524, "stats_o/mean": 0.17283658683300018, "test/success_rate": 0.0, "train/episode": 1000.0}
{"stats_o/std": 0.06213364750146866, "train/success_rate": 0.0, "stats_g/std": 0.25940200686454773, "test/mean_Q": -21.07448387145996, "epoch": 10, "test/episode": 220.0, "stats_g/mean": 0.8113924860954285, "stats_o/mean": 0.1728394627571106, "test/success_rate": 0.0, "train/episode": 1100.0}
{"stats_o/std": 0.062271930277347565, "train/success_rate": 0.0, "stats_g/std": 0.25940921902656555, "test/mean_Q": -22.41114044189453, "epoch": 11, "test/episode": 240.0, "stats_g/mean": 0.8112667202949524, "stats_o/mean": 0.1728241741657257, "test/success_rate": 0.0, "train/episode": 1200.0}
{"stats_o/std": 0.06277899444103241, "train/success_rate": 0.0, "stats_g/std": 0.2601000964641571, "test/mean_Q": -23.702110290527344, "epoch": 12, "test/episode": 260.0, "stats_g/mean": 0.811230480670929, "stats_o/mean": 0.17283084988594055, "test/success_rate": 0.0, "train/episode": 1300.0}
{"stats_o/std": 0.06359291076660156, "train/success_rate": 0.0, "stats_g/std": 0.2616010308265686, "test/mean_Q": -24.411325454711914, "epoch": 13, "test/episode": 280.0, "stats_g/mean": 0.8117108345031738, "stats_o/mean": 0.17290320992469788, "test/success_rate": 0.0, "train/episode": 1400.0}
{"stats_o/std": 0.06629052013158798, "train/success_rate": 0.0019999999552965165, "stats_g/std": 0.265628844499588, "test/mean_Q": -25.19014549255371, "epoch": 14, "test/episode": 300.0, "stats_g/mean": 0.8128619194030762, "stats_o/mean": 0.17325423657894135, "test/success_rate": 0.0, "train/episode": 1500.0}
{"stats_o/std": 0.07061576843261719, "train/success_rate": 0.0, "stats_g/std": 0.2729024589061737, "test/mean_Q": -25.888351440429688, "epoch": 15, "test/episode": 320.0, "stats_g/mean": 0.8147251009941101, "stats_o/mean": 0.17379216849803925, "test/success_rate": 0.0, "train/episode": 1600.0}
{"stats_o/std": 0.07658012956380844, "train/success_rate": 0.0019999999552965165, "stats_g/std": 0.28203529119491577, "test/mean_Q": -25.399944305419922, "epoch": 16, "test/episode": 340.0, "stats_g/mean": 0.8170808553695679, "stats_o/mean": 0.17445529997348785, "test/success_rate": 0.010000000149011612, "train/episode": 1700.0}
{"stats_o/std": 0.08283981680870056, "train/success_rate": 0.007000000029802322, "stats_g/std": 0.2910267412662506, "test/mean_Q": -25.986438751220703, "epoch": 17, "test/episode": 360.0, "stats_g/mean": 0.8222012519836426, "stats_o/mean": 0.17564977705478668, "test/success_rate": 0.005000000074505806, "train/episode": 1800.0}
{"stats_o/std": 0.08796505630016327, "train/success_rate": 0.004999999888241291, "stats_g/std": 0.2978762686252594, "test/mean_Q": -25.021318435668945, "epoch": 18, "test/episode": 380.0, "stats_g/mean": 0.8279682993888855, "stats_o/mean": 0.17713285982608795, "test/success_rate": 0.005000000074505806, "train/episode": 1900.0}
{"stats_o/std": 0.09192288666963577, "train/success_rate": 0.005999999865889549, "stats_g/std": 0.3015022575855255, "test/mean_Q": -24.077880859375, "epoch": 19, "test/episode": 400.0, "stats_g/mean": 0.8340184092521667, "stats_o/mean": 0.178615003824234, "test/success_rate": 0.010000000149011612, "train/episode": 2000.0}
{"stats_o/std": 0.09427104145288467, "train/success_rate": 0.0009999999776482583, "stats_g/std": 0.3021610975265503, "test/mean_Q": -24.554624557495117, "epoch": 20, "test/episode": 420.0, "stats_g/mean": 0.8386899828910828, "stats_o/mean": 0.1797434687614441, "test/success_rate": 0.005000000074505806, "train/episode": 2100.0}
{"stats_o/std": 0.09441059827804565, "train/success_rate": 0.0029999999329447745, "stats_g/std": 0.3008256256580353, "test/mean_Q": -25.942401885986328, "epoch": 21, "test/episode": 440.0, "stats_g/mean": 0.8397496342658997, "stats_o/mean": 0.17998141050338745, "test/success_rate": 0.010000000149011612, "train/episode": 2200.0}
{"stats_o/std": 0.09375319629907608, "train/success_rate": 0.0009999999776482583, "stats_g/std": 0.2989985942840576, "test/mean_Q": -26.585617065429688, "epoch": 22, "test/episode": 460.0, "stats_g/mean": 0.8393818140029907, "stats_o/mean": 0.17985832691192627, "test/success_rate": 0.015000000223517418, "train/episode": 2300.0}
{"stats_o/std": 0.09317964315414429, "train/success_rate": 0.0019999999552965165, "stats_g/std": 0.2975291907787323, "test/mean_Q": -28.109851837158203, "epoch": 23, "test/episode": 480.0, "stats_g/mean": 0.8392379879951477, "stats_o/mean": 0.17977896332740784, "test/success_rate": 0.015000000223517418, "train/episode": 2400.0}
{"stats_o/std": 0.0933178961277008, "train/success_rate": 0.0019999999552965165, "stats_g/std": 0.2966277301311493, "test/mean_Q": -28.058399200439453, "epoch": 24, "test/episode": 500.0, "stats_g/mean": 0.8402897119522095, "stats_o/mean": 0.18001554906368256, "test/success_rate": 0.005000000074505806, "train/episode": 2500.0}
{"stats_o/std": 0.09371236711740494, "train/success_rate": 0.0019999999552965165, "stats_g/std": 0.2958669364452362, "test/mean_Q": -29.57074546813965, "epoch": 25, "test/episode": 520.0, "stats_g/mean": 0.8413509130477905, "stats_o/mean": 0.18023906648159027, "test/success_rate": 0.0,