{"epoch": 0, "stats_g/mean": 0.8521726727485657, "stats_o/std": 0.036688465625047684, "train/success_rate": 0.019999999552965164, "stats_o/mean": 0.20378592610359192, "test/episode": 20.0, "train/episode": 100.0, "test/success_rate": 0.030000000447034835, "test/mean_Q": -2.99414324760437, "stats_g/std": 0.1101851686835289}
{"epoch": 1, "stats_g/mean": 0.8526915311813354, "stats_o/std": 0.03589745610952377, "train/success_rate": 0.032999999821186066, "stats_o/mean": 0.2038784772157669, "test/episode": 40.0, "train/episode": 200.0, "test/success_rate": 0.04000000096857548, "test/mean_Q": -4.993577003479004, "stats_g/std": 0.10780870914459229}
{"epoch": 2, "stats_g/mean": 0.8523923754692078, "stats_o/std": 0.03662900999188423, "train/success_rate": 0.028999999165534973, "stats_o/mean": 0.20385560393333435, "test/episode": 60.0, "train/episode": 300.0, "test/success_rate": 0.045000001415610315, "test/mean_Q": -6.88959264755249, "stats_g/std": 0.1108083501458168}
{"epoch": 3, "stats_g/mean": 0.8529244661331177, "stats_o/std": 0.038316868245601654, "train/success_rate": 0.03099999949336052, "stats_o/mean": 0.2040330171585083, "test/episode": 80.0, "train/episode": 400.0, "test/success_rate": 0.06500000096857547, "test/mean_Q": -8.315736770629883, "stats_g/std": 0.11725380271673203}
{"epoch": 4, "stats_g/mean": 0.8530040979385376, "stats_o/std": 0.039997611194849014, "train/success_rate": 0.03199999779462814, "stats_o/mean": 0.20409175753593445, "test/episode": 100.0, "train/episode": 500.0, "test/success_rate": 0.08000000193715096, "test/mean_Q": -9.86140251159668, "stats_g/std": 0.12284091860055923}
{"epoch": 5, "stats_g/mean": 0.8514126539230347, "stats_o/std": 0.04196501895785332, "train/success_rate": 0.03999999910593033, "stats_o/mean": 0.20382702350616455, "test/episode": 120.0, "train/episode": 600.0, "test/success_rate": 0.045000001043081286, "test/mean_Q": -11.753664016723633, "stats_g/std": 0.1300460249185562}
{"epoch": 6, "stats_g/mean": 0.8495078086853027, "stats_o/std": 0.04344742000102997, "train/success_rate": 0.05300000309944153, "stats_o/mean": 0.2034982442855835, "test/episode": 140.0, "train/episode": 700.0, "test/success_rate": 0.07500000111758709, "test/mean_Q": -12.755711555480957, "stats_g/std": 0.135725200176239}
{"epoch": 7, "stats_g/mean": 0.8487213253974915, "stats_o/std": 0.0444590225815773, "train/success_rate": 0.05299999564886093, "stats_o/mean": 0.20338478684425354, "test/episode": 160.0, "train/episode": 800.0, "test/success_rate": 0.15000000596046448, "test/mean_Q": -12.853238105773926, "stats_g/std": 0.13902036845684052}
{"epoch": 8, "stats_g/mean": 0.8477794528007507, "stats_o/std": 0.045642346143722534, "train/success_rate": 0.07100000232458115, "stats_o/mean": 0.20318016409873962, "test/episode": 180.0, "train/episode": 900.0, "test/success_rate": 0.125, "test/mean_Q": -14.053201675415039, "stats_g/std": 0.14228558540344238}
{"epoch": 9, "stats_g/mean": 0.8467141389846802, "stats_o/std": 0.046509262174367905, "train/success_rate": 0.07100000232458115, "stats_o/mean": 0.20300033688545227, "test/episode": 200.0, "train/episode": 1000.0, "test/success_rate": 0.18500001728534698, "test/mean_Q": -14.364351272583008, "stats_g/std": 0.1442020982503891}
{"epoch": 10, "stats_g/mean": 0.8462578058242798, "stats_o/std": 0.04715326428413391, "train/success_rate": 0.08799999952316284, "stats_o/mean": 0.2029053270816803, "test/episode": 220.0, "train/episode": 1100.0, "test/success_rate": 0.2849999964237213, "test/mean_Q": -13.182696342468262, "stats_g/std": 0.14629797637462616}
{"epoch": 11, "stats_g/mean": 0.8454540967941284, "stats_o/std": 0.04829530790448189, "train/success_rate": 0.11699999868869781, "stats_o/mean": 0.2027466744184494, "test/episode": 240.0, "train/episode": 1200.0, "test/success_rate": 0.29500001668930054, "test/mean_Q": -14.609052658081055, "stats_g/std": 0.14936943352222443}
{"epoch": 12, "stats_g/mean": 0.8445894122123718, "stats_o/std": 0.04910093918442726, "train/success_rate": 0.1339999884366989, "stats_o/mean": 0.20260965824127197, "test/episode": 260.0, "train/episode": 1300.0, "test/success_rate": 0.3400000035762787, "test/mean_Q": -14.975995063781738, "stats_g/std": 0.15209649503231049}
{"epoch": 13, "stats_g/mean": 0.8436883687973022, "stats_o/std": 0.04989258944988251, "train/success_rate": 0.1289999932050705, "stats_o/mean": 0.20243315398693085, "test/episode": 280.0, "train/episode": 1400.0, "test/success_rate": 0.33000001311302185, "test/mean_Q": -15.954275131225586, "stats_g/std": 0.15437547862529755}
{"epoch": 14, "stats_g/mean": 0.8430551290512085, "stats_o/std": 0.05018364265561104, "train/success_rate": 0.20100000500679016, "stats_o/mean": 0.202347069978714, "test/episode": 300.0, "train/episode": 1500.0, "test/success_rate": 0.4150000214576721, "test/mean_Q": -14.912099838256836, "stats_g/std": 0.155110165476799}
{"epoch": 15, "stats_g/mean": 0.842656135559082, "stats_o/std": 0.0504363477230072, "train/success_rate": 0.19500000774860382, "stats_o/mean": 0.20230570435523987, "test/episode": 320.0, "train/episode": 1600.0, "test/success_rate": 0.3800000250339508, "test/mean_Q": -16.055866241455078, "stats_g/std": 0.15557891130447388}
{"epoch": 16, "stats_g/mean": 0.842094898223877, "stats_o/std": 0.050931625068187714, "train/success_rate": 0.1979999840259552, "stats_o/mean": 0.20220427215099335, "test/episode": 340.0, "train/episode": 1700.0, "test/success_rate": 0.42500001192092896, "test/mean_Q": -15.59678840637207, "stats_g/std": 0.15694312751293182}
{"epoch": 17, "stats_g/mean": 0.8419607281684875, "stats_o/std": 0.05120669677853584, "train/success_rate": 0.2150000035762787, "stats_o/mean": 0.20218336582183838, "test/episode": 360.0, "train/episode": 1800.0, "test/success_rate": 0.4449999928474426, "test/mean_Q": -16.019433975219727, "stats_g/std": 0.15742868185043335}
{"epoch": 18, "stats_g/mean": 0.8415830731391907, "stats_o/std": 0.051600925624370575, "train/success_rate": 0.2069999873638153, "stats_o/mean": 0.20211835205554962, "test/episode": 380.0, "train/episode": 1900.0, "test/success_rate": 0.3699999749660492, "test/mean_Q": -17.96463394165039, "stats_g/std": 0.15859830379486084}
{"epoch": 19, "stats_g/mean": 0.8413530588150024, "stats_o/std": 0.05194314569234848, "train/success_rate": 0.210999995470047, "stats_o/mean": 0.202084019780159, "test/episode": 400.0, "train/episode": 2000.0, "test/success_rate": 0.4100000262260437, "test/mean_Q": -15.992612838745117, "stats_g/std": 0.1594608575105667}
{"epoch": 20, "stats_g/mean": 0.8413721323013306, "stats_o/std": 0.052329570055007935, "train/success_rate": 0.2030000239610672, "stats_o/mean": 0.20210811495780945, "test/episode": 420.0, "train/episode": 2100.0, "test/success_rate": 0.39499998092651367, "test/mean_Q": -17.99801254272461, "stats_g/std": 0.1605694591999054}
{"epoch": 21, "stats_g/mean": 0.8413182497024536, "stats_o/std": 0.052603382617235184, "train/success_rate": 0.2460000067949295, "stats_o/mean": 0.20209388434886932, "test/episode": 440.0, "train/episode": 2200.0, "test/success_rate": 0.4650000035762787, "test/mean_Q": -17.564327239990234, "stats_g/std": 0.161256805062294}
{"epoch": 22, "stats_g/mean": 0.8413715362548828, "stats_o/std": 0.05278342217206955, "train/success_rate": 0.2409999817609787, "stats_o/mean": 0.2021133452653885, "test/episode": 460.0, "train/episode": 2300.0, "test/success_rate": 0.44999998807907104, "test/mean_Q": -18.073251724243164, "stats_g/std": 0.16146206855773926}
{"epoch": 23, "stats_g/mean": 0.8415548205375671, "stats_o/std": 0.05298440903425217, "train/success_rate": 0.23099999129772186, "stats_o/mean": 0.2021382749080658, "test/episode": 480.0, "train/episode": 2400.0, "test/success_rate": 0.4449999928474426, "test/mean_Q": -16.1607723236084, "stats_g/std": 0.1619092971086502}
{"epoch": 24, "stats_g/mean": 0.8412370681762695, "stats_o/std": 0.05354257673025131, "train/success_rate": 0.22499999403953552, "stats_o/mean": 0.20209316909313202, "test/episode": 500.0,