{"stats_o/std": 0.03359643742442131, "test/success_rate": 0.04000000096857548, "train/episode": 100.0, "stats_o/mean": 0.2037643939256668, "test/episode": 20.0, "epoch": 0, "train/success_rate": 0.019999999180436136, "stats_g/std": 0.0967172384262085, "test/mean_Q": -2.9742655754089355, "stats_g/mean": 0.8519272804260254}
{"stats_o/std": 0.03354684263467789, "test/success_rate": 0.045000001043081286, "train/episode": 200.0, "stats_o/mean": 0.20401105284690857, "test/episode": 40.0, "epoch": 1, "train/success_rate": 0.0279999990016222, "stats_g/std": 0.0969373807311058, "test/mean_Q": -4.914519309997559, "stats_g/mean": 0.8525616526603699}
{"stats_o/std": 0.03349089249968529, "test/success_rate": 0.05000000074505806, "train/episode": 300.0, "stats_o/mean": 0.20403730869293213, "test/episode": 60.0, "epoch": 2, "train/success_rate": 0.023999999463558196, "stats_g/std": 0.09666036814451218, "test/mean_Q": -6.904284477233887, "stats_g/mean": 0.8526568412780762}
{"stats_o/std": 0.033516742289066315, "test/success_rate": 0.045000001415610315, "train/episode": 400.0, "stats_o/mean": 0.2039678990840912, "test/episode": 80.0, "epoch": 3, "train/success_rate": 0.025999998673796654, "stats_g/std": 0.09722885489463806, "test/mean_Q": -8.571434020996094, "stats_g/mean": 0.8526694178581238}
{"stats_o/std": 0.03359697759151459, "test/success_rate": 0.08500000126659871, "train/episode": 500.0, "stats_o/mean": 0.20397238433361053, "test/episode": 100.0, "epoch": 4, "train/success_rate": 0.03399999812245369, "stats_g/std": 0.09752855449914932, "test/mean_Q": -10.164410591125488, "stats_g/mean": 0.8526140451431274}
{"stats_o/std": 0.033715758472681046, "test/success_rate": 0.08500000126659871, "train/episode": 600.0, "stats_o/mean": 0.20407290756702423, "test/episode": 120.0, "epoch": 5, "train/success_rate": 0.04800000041723251, "stats_g/std": 0.09793594479560852, "test/mean_Q": -11.31251335144043, "stats_g/mean": 0.8529731631278992}
{"stats_o/std": 0.03391854092478752, "test/success_rate": 0.09500000439584255, "train/episode": 700.0, "stats_o/mean": 0.20410111546516418, "test/episode": 140.0, "epoch": 6, "train/success_rate": 0.08500000089406967, "stats_g/std": 0.098317451775074, "test/mean_Q": -12.774805068969727, "stats_g/mean": 0.8532028198242188}
{"stats_o/std": 0.03423939645290375, "test/success_rate": 0.19500000774860382, "train/episode": 800.0, "stats_o/mean": 0.2040092498064041, "test/episode": 160.0, "epoch": 7, "train/success_rate": 0.10700000822544098, "stats_g/std": 0.0990385040640831, "test/mean_Q": -12.512712478637695, "stats_g/mean": 0.8529853820800781}
{"stats_o/std": 0.03452027216553688, "test/success_rate": 0.25, "train/episode": 900.0, "stats_o/mean": 0.20398111641407013, "test/episode": 180.0, "epoch": 8, "train/success_rate": 0.1599999964237213, "stats_g/std": 0.09927495568990707, "test/mean_Q": -12.393038749694824, "stats_g/mean": 0.8530063629150391}
{"stats_o/std": 0.034762755036354065, "test/success_rate": 0.32500001788139343, "train/episode": 1000.0, "stats_o/mean": 0.2040863037109375, "test/episode": 200.0, "epoch": 9, "train/success_rate": 0.20399999618530273, "stats_g/std": 0.09929022938013077, "test/mean_Q": -12.761700630187988, "stats_g/mean": 0.8533569574356079}
{"stats_o/std": 0.03503657504916191, "test/success_rate": 0.3699999749660492, "train/episode": 1100.0, "stats_o/mean": 0.20412306487560272, "test/episode": 220.0, "epoch": 10, "train/success_rate": 0.24500000476837158, "stats_g/std": 0.09938334673643112, "test/mean_Q": -12.549328804016113, "stats_g/mean": 0.8534631729125977}
{"stats_o/std": 0.035229358822107315, "test/success_rate": 0.3050000071525574, "train/episode": 1200.0, "stats_o/mean": 0.20409882068634033, "test/episode": 240.0, "epoch": 11, "train/success_rate": 0.2720000147819519, "stats_g/std": 0.09966059774160385, "test/mean_Q": -14.553790092468262, "stats_g/mean": 0.853368878364563}
{"stats_o/std": 0.03541727364063263, "test/success_rate": 0.32500001788139343, "train/episode": 1300.0, "stats_o/mean": 0.20405754446983337, "test/episode": 260.0, "epoch": 12, "train/success_rate": 0.2839999794960022, "stats_g/std": 0.09974152594804764, "test/mean_Q": -15.682723999023438, "stats_g/mean": 0.8532193899154663}
{"stats_o/std": 0.03555627539753914, "test/success_rate": 0.4150000214576721, "train/episode": 1400.0, "stats_o/mean": 0.2040291279554367, "test/episode": 280.0, "epoch": 13, "train/success_rate": 0.3020000159740448, "stats_g/std": 0.09989297389984131, "test/mean_Q": -14.321695327758789, "stats_g/mean": 0.8530891537666321}
{"stats_o/std": 0.03562159836292267, "test/success_rate": 0.4000000059604645, "train/episode": 1500.0, "stats_o/mean": 0.20406925678253174, "test/episode": 300.0, "epoch": 14, "train/success_rate": 0.3440000116825104, "stats_g/std": 0.09991279989480972, "test/mean_Q": -14.94688606262207, "stats_g/mean": 0.8532583117485046}
{"stats_o/std": 0.03565189614892006, "test/success_rate": 0.35500001907348633, "train/episode": 1600.0, "stats_o/mean": 0.20406374335289001, "test/episode": 320.0, "epoch": 15, "train/success_rate": 0.3540000021457672, "stats_g/std": 0.09993591904640198, "test/mean_Q": -17.129060745239258, "stats_g/mean": 0.853205680847168}
{"stats_o/std": 0.03571229800581932, "test/success_rate": 0.4099999964237213, "train/episode": 1700.0, "stats_o/mean": 0.2040647715330124, "test/episode": 340.0, "epoch": 16, "train/success_rate": 0.36900001764297485, "stats_g/std": 0.10016665607690811, "test/mean_Q": -16.328960418701172, "stats_g/mean": 0.8532227277755737}
{"stats_o/std": 0.035886120051145554, "test/success_rate": 0.42000001668930054, "train/episode": 1800.0, "stats_o/mean": 0.20412294566631317, "test/episode": 360.0, "epoch": 17, "train/success_rate": 0.3619999885559082, "stats_g/std": 0.10055284202098846, "test/mean_Q": -15.972860336303711, "stats_g/mean": 0.8534814119338989}
{"stats_o/std": 0.03606070950627327, "test/success_rate": 0.39000001549720764, "train/episode": 1900.0, "stats_o/mean": 0.20418663322925568, "test/episode": 380.0, "epoch": 18, "train/success_rate": 0.3840000033378601, "stats_g/std": 0.10081318765878677, "test/mean_Q": -16.63302230834961, "stats_g/mean": 0.853751003742218}
{"stats_o/std": 0.036087919026613235, "test/success_rate": 0.445000022649765, "train/episode": 2000.0, "stats_o/mean": 0.2042381465435028, "test/episode": 400.0, "epoch": 19, "train/success_rate": 0.4020000100135803, "stats_g/std": 0.10079564899206161, "test/mean_Q": -14.57342529296875, "stats_g/mean": 0.8539789319038391}
{"stats_o/std": 0.0362011194229126, "test/success_rate": 0.4599999785423279, "train/episode": 2100.0, "stats_o/mean": 0.20427784323692322, "test/episode": 420.0, "epoch": 20, "train/success_rate": 0.4050000309944153, "stats_g/std": 0.10123157501220703, "test/mean_Q": -12.76444149017334, "stats_g/mean": 0.8542323112487793}
{"stats_o/std": 0.036310117691755295, "test/success_rate": 0.5, "train/episode": 2200.0, "stats_o/mean": 0.2042692005634308, "test/episode": 440.0, "epoch": 21, "train/success_rate": 0.4090000092983246, "stats_g/std": 0.10167644172906876, "test/mean_Q": -12.232023239135742, "stats_g/mean": 0.8543041348457336}
{"stats_o/std": 0.03638235852122307, "test/success_rate": 0.44999998807907104, "train/episode": 2300.0, "stats_o/mean": 0.20429208874702454, "test/episode": 460.0, "epoch": 22, "train/success_rate": 0.43299999833106995, "stats_g/std": 0.10197951644659042, "test/mean_Q": -11.588176727294922, "stats_g/mean": 0.854485809803009}
{"stats_o/std": 0.03642735257744789, "test/success_rate": 0.5049999952316284, "train/episode": 2400.0, "stats_o/mean": 0.20429149270057678, "test/episode": 480.0, "epoch": 23, "train/success_rate": 0.4320000112056732, "stats_g/std": 0.10227327048778534, "test/mean_Q": -11.03538703918457, "stats_g/mean": 0.8545243144035339}
{"stats_o/std": 0.03644780442118645, "test/success_rate": 0.4949999749660492, "train/episode": 2500.0, "stats_o/mean": 0.20435257256031036, "test/episode": 500.0, "epoch": 24, "train/success_rate": 0.39800000190734863,