{"test/success_rate": 0.020000000298023225, "stats_g/mean": 0.859625518321991, "test/mean_Q": -3.187507152557373, "stats_o/mean": 0.20460399985313416, "stats_g/std": 0.13138772547245026, "train/episode": 100.0, "test/episode": 20.0, "stats_o/std": 0.03473704680800438, "epoch": 0, "train/success_rate": 0.025999998673796654}
{"test/success_rate": 0.020000000298023225, "stats_g/mean": 0.8581218719482422, "test/mean_Q": -5.322505950927734, "stats_o/mean": 0.20417718589305878, "stats_g/std": 0.13240428268909454, "train/episode": 200.0, "test/episode": 40.0, "stats_o/std": 0.03444177284836769, "epoch": 1, "train/success_rate": 0.03100000023841858}
{"test/success_rate": 0.015000000223517418, "stats_g/mean": 0.857890248298645, "test/mean_Q": -7.261745452880859, "stats_o/mean": 0.203886941075325, "stats_g/std": 0.1354186087846756, "train/episode": 300.0, "test/episode": 60.0, "stats_o/std": 0.03532838076353073, "epoch": 2, "train/success_rate": 0.025999998673796654}
{"test/success_rate": 0.030000000819563867, "stats_g/mean": 0.8582198023796082, "test/mean_Q": -8.74616813659668, "stats_o/mean": 0.20385856926441193, "stats_g/std": 0.1378011405467987, "train/episode": 400.0, "test/episode": 80.0, "stats_o/std": 0.036019548773765564, "epoch": 3, "train/success_rate": 0.02800000086426735}
{"test/success_rate": 0.030000000447034835, "stats_g/mean": 0.8585321307182312, "test/mean_Q": -10.685099601745605, "stats_o/mean": 0.20394203066825867, "stats_g/std": 0.1406702846288681, "train/episode": 500.0, "test/episode": 100.0, "stats_o/std": 0.03678251802921295, "epoch": 4, "train/success_rate": 0.03199999984353781}
{"test/success_rate": 0.04000000022351742, "stats_g/mean": 0.8580050468444824, "test/mean_Q": -12.224960327148438, "stats_o/mean": 0.2038254290819168, "stats_g/std": 0.1449422836303711, "train/episode": 600.0, "test/episode": 120.0, "stats_o/std": 0.03801431134343147, "epoch": 5, "train/success_rate": 0.03099999949336052}
{"test/success_rate": 0.015000000223517418, "stats_g/mean": 0.8571746945381165, "test/mean_Q": -14.204465866088867, "stats_o/mean": 0.20363502204418182, "stats_g/std": 0.15032701194286346, "train/episode": 700.0, "test/episode": 140.0, "stats_o/std": 0.03970174863934517, "epoch": 6, "train/success_rate": 0.034999996423721313}
{"test/success_rate": 0.02500000074505806, "stats_g/mean": 0.8561679720878601, "test/mean_Q": -15.3314208984375, "stats_o/mean": 0.20346827805042267, "stats_g/std": 0.15588778257369995, "train/episode": 800.0, "test/episode": 160.0, "stats_o/std": 0.041531581431627274, "epoch": 7, "train/success_rate": 0.04099999945610762}
{"test/success_rate": 0.03500000089406967, "stats_g/mean": 0.8547714948654175, "test/mean_Q": -15.602523803710938, "stats_o/mean": 0.20323514938354492, "stats_g/std": 0.16172008216381073, "train/episode": 900.0, "test/episode": 180.0, "stats_o/std": 0.043520551174879074, "epoch": 8, "train/success_rate": 0.04400000348687172}
{"test/success_rate": 0.045000001415610315, "stats_g/mean": 0.8537555932998657, "test/mean_Q": -16.769926071166992, "stats_o/mean": 0.20303630828857422, "stats_g/std": 0.16611795127391815, "train/episode": 1000.0, "test/episode": 200.0, "stats_o/std": 0.04505426064133644, "epoch": 9, "train/success_rate": 0.054999999701976776}
{"test/success_rate": 0.0800000011920929, "stats_g/mean": 0.8528968691825867, "test/mean_Q": -16.86629867553711, "stats_o/mean": 0.2028927057981491, "stats_g/std": 0.16869628429412842, "train/episode": 1100.0, "test/episode": 220.0, "stats_o/std": 0.04612629860639572, "epoch": 10, "train/success_rate": 0.044999998062849045}
{"test/success_rate": 0.10500000342726708, "stats_g/mean": 0.8524014353752136, "test/mean_Q": -17.050376892089844, "stats_o/mean": 0.20282010734081268, "stats_g/std": 0.1711827516555786, "train/episode": 1200.0, "test/episode": 240.0, "stats_o/std": 0.04703979566693306, "epoch": 11, "train/success_rate": 0.06000000238418579}
{"test/success_rate": 0.11500000953674316, "stats_g/mean": 0.852159321308136, "test/mean_Q": -17.257423400878906, "stats_o/mean": 0.2027880698442459, "stats_g/std": 0.17352958023548126, "train/episode": 1300.0, "test/episode": 260.0, "stats_o/std": 0.04785757511854172, "epoch": 12, "train/success_rate": 0.05400000140070915}
{"test/success_rate": 0.30000001192092896, "stats_g/mean": 0.8519722819328308, "test/mean_Q": -15.334444999694824, "stats_o/mean": 0.2027634084224701, "stats_g/std": 0.1748437136411667, "train/episode": 1400.0, "test/episode": 280.0, "stats_o/std": 0.048474084585905075, "epoch": 13, "train/success_rate": 0.0820000022649765}
{"test/success_rate": 0.2199999988079071, "stats_g/mean": 0.8515863418579102, "test/mean_Q": -17.285959243774414, "stats_o/mean": 0.20270225405693054, "stats_g/std": 0.17632855474948883, "train/episode": 1500.0, "test/episode": 300.0, "stats_o/std": 0.049056053161621094, "epoch": 14, "train/success_rate": 0.09600000083446503}
{"test/success_rate": 0.29500001668930054, "stats_g/mean": 0.8510101437568665, "test/mean_Q": -16.991430282592773, "stats_o/mean": 0.20261964201927185, "stats_g/std": 0.17734234035015106, "train/episode": 1600.0, "test/episode": 320.0, "stats_o/std": 0.04951901361346245, "epoch": 15, "train/success_rate": 0.14500001072883606}
{"test/success_rate": 0.3700000047683716, "stats_g/mean": 0.8505222201347351, "test/mean_Q": -16.205204010009766, "stats_o/mean": 0.20255815982818604, "stats_g/std": 0.17845295369625092, "train/episode": 1700.0, "test/episode": 340.0, "stats_o/std": 0.05002278834581375, "epoch": 16, "train/success_rate": 0.17100000381469727}
{"test/success_rate": 0.4000000059604645, "stats_g/mean": 0.8501060605049133, "test/mean_Q": -15.628440856933594, "stats_o/mean": 0.2024783343076706, "stats_g/std": 0.17894458770751953, "train/episode": 1800.0, "test/episode": 360.0, "stats_o/std": 0.05032467097043991, "epoch": 17, "train/success_rate": 0.18000000715255737}
{"test/success_rate": 0.3399999737739563, "stats_g/mean": 0.849814236164093, "test/mean_Q": -17.826204299926758, "stats_o/mean": 0.20241765677928925, "stats_g/std": 0.17990483343601227, "train/episode": 1900.0, "test/episode": 380.0, "stats_o/std": 0.050752151757478714, "epoch": 18, "train/success_rate": 0.164000004529953}
{"test/success_rate": 0.3750000298023224, "stats_g/mean": 0.849306583404541, "test/mean_Q": -17.368532180786133, "stats_o/mean": 0.20231394469738007, "stats_g/std": 0.1804148107767105, "train/episode": 2000.0, "test/episode": 400.0, "stats_o/std": 0.051164187490940094, "epoch": 19, "train/success_rate": 0.17499999701976776}
{"test/success_rate": 0.3700000047683716, "stats_g/mean": 0.8490602374076843, "test/mean_Q": -18.096569061279297, "stats_o/mean": 0.2022417038679123, "stats_g/std": 0.18110336363315582, "train/episode": 2100.0, "test/episode": 420.0, "stats_o/std": 0.051491640508174896, "epoch": 20, "train/success_rate": 0.19100001454353333}
{"test/success_rate": 0.46000003814697266, "stats_g/mean": 0.8489348292350769, "test/mean_Q": -16.362197875976562, "stats_o/mean": 0.20223231613636017, "stats_g/std": 0.18121278285980225, "train/episode": 2200.0, "test/episode": 440.0, "stats_o/std": 0.05173621326684952, "epoch": 21, "train/success_rate": 0.22300000488758087}
{"test/success_rate": 0.4350000023841858, "stats_g/mean": 0.8488836288452148, "test/mean_Q": -17.005184173583984, "stats_o/mean": 0.2022172510623932, "stats_g/std": 0.1809273213148117, "train/episode": 2300.0, "test/episode": 460.0, "stats_o/std": 0.05187351629137993, "epoch": 22, "train/success_rate": 0.2029999941587448}
{"test/success_rate": 0.4350000023841858, "stats_g/mean": 0.848789393901825, "test/mean_Q": -17.239686965942383, "stats_o/mean": 0.20220515131950378, "stats_g/std": 0.18091464042663574, "train/episode": 2400.0, "test/episode": 480.0, "stats_o/std": 0.05210896581411362, "epoch": 23, "train/success_rate": 0.2019999921321869}
{"test/success_rate": 0.4449999928474426, "stats_g/mean": 0.8486948013305664, "test/mean_Q": -17.547054290771484, "stats_o/mean": 0.20217859745025635,