{"stats_g/mean": 0.7507134079933167, "train/success_rate": 0.0019999999552965165, "epoch": 0, "train/episode": 100.0, "test/success_rate": 0.0, "stats_o/mean": 0.17492330074310303, "stats_g/std": 0.11754312366247177, "test/episode": 20.0, "test/mean_Q": -3.239626407623291, "stats_o/std": 0.080579474568367}
{"stats_g/mean": 0.7511795163154602, "train/success_rate": 0.004999999888241291, "epoch": 1, "train/episode": 200.0, "test/success_rate": 0.0, "stats_o/mean": 0.17462436854839325, "stats_g/std": 0.11928273737430573, "test/episode": 40.0, "test/mean_Q": -5.1922712326049805, "stats_o/std": 0.07832547277212143}
{"stats_g/mean": 0.7513828277587891, "train/success_rate": 0.0029999999329447745, "epoch": 2, "train/episode": 300.0, "test/success_rate": 0.015000000223517418, "stats_o/mean": 0.17458511888980865, "stats_g/std": 0.12150249630212784, "test/episode": 60.0, "test/mean_Q": -7.155152797698975, "stats_o/std": 0.0805712416768074}
{"stats_g/mean": 0.7522122859954834, "train/success_rate": 0.003999999910593033, "epoch": 3, "train/episode": 400.0, "test/success_rate": 0.010000000149011612, "stats_o/mean": 0.17471157014369965, "stats_g/std": 0.12367751449346542, "test/episode": 80.0, "test/mean_Q": -9.12209701538086, "stats_o/std": 0.08486691117286682}
{"stats_g/mean": 0.7531580924987793, "train/success_rate": 0.005999999865889549, "epoch": 4, "train/episode": 500.0, "test/success_rate": 0.015000000223517418, "stats_o/mean": 0.17477595806121826, "stats_g/std": 0.12783317267894745, "test/episode": 100.0, "test/mean_Q": -10.63512134552002, "stats_o/std": 0.09171927720308304}
{"stats_g/mean": 0.7544932961463928, "train/success_rate": 0.010999999754130841, "epoch": 5, "train/episode": 600.0, "test/success_rate": 0.045000001043081286, "stats_o/mean": 0.17541831731796265, "stats_g/std": 0.13245472311973572, "test/episode": 120.0, "test/mean_Q": -11.87547492980957, "stats_o/std": 0.09918718039989471}
{"stats_g/mean": 0.7561325430870056, "train/success_rate": 0.026999998837709427, "epoch": 6, "train/episode": 700.0, "test/success_rate": 0.03500000014901161, "stats_o/mean": 0.17608411610126495, "stats_g/std": 0.13800373673439026, "test/episode": 140.0, "test/mean_Q": -13.13481616973877, "stats_o/std": 0.10779108852148056}
{"stats_g/mean": 0.7582375407218933, "train/success_rate": 0.02599999960511923, "epoch": 7, "train/episode": 800.0, "test/success_rate": 0.05000000111758709, "stats_o/mean": 0.17641153931617737, "stats_g/std": 0.14386127889156342, "test/episode": 160.0, "test/mean_Q": -13.683317184448242, "stats_o/std": 0.11662878841161728}
{"stats_g/mean": 0.7622049450874329, "train/success_rate": 0.07000000029802322, "epoch": 8, "train/episode": 900.0, "test/success_rate": 0.06999999769032002, "stats_o/mean": 0.1776355803012848, "stats_g/std": 0.14952610433101654, "test/episode": 180.0, "test/mean_Q": -13.289350509643555, "stats_o/std": 0.12660883367061615}
{"stats_g/mean": 0.7673230767250061, "train/success_rate": 0.06399999558925629, "epoch": 9, "train/episode": 1000.0, "test/success_rate": 0.18000000715255737, "stats_o/mean": 0.17927052080631256, "stats_g/std": 0.1543489247560501, "test/episode": 200.0, "test/mean_Q": -11.448211669921875, "stats_o/std": 0.136639803647995}
{"stats_g/mean": 0.7726020812988281, "train/success_rate": 0.10600000619888306, "epoch": 10, "train/episode": 1100.0, "test/success_rate": 0.12000000365078449, "stats_o/mean": 0.18075791001319885, "stats_g/std": 0.15799926221370697, "test/episode": 220.0, "test/mean_Q": -12.819392204284668, "stats_o/std": 0.14671938121318817}
{"stats_g/mean": 0.7774990200996399, "train/success_rate": 0.12799999117851257, "epoch": 11, "train/episode": 1200.0, "test/success_rate": 0.2750000059604645, "stats_o/mean": 0.1822279989719391, "stats_g/std": 0.1603490263223648, "test/episode": 240.0, "test/mean_Q": -11.553159713745117, "stats_o/std": 0.15475775301456451}
{"stats_g/mean": 0.7805945873260498, "train/success_rate": 0.13899998366832733, "epoch": 12, "train/episode": 1300.0, "test/success_rate": 0.3499999940395355, "stats_o/mean": 0.18300797045230865, "stats_g/std": 0.16091758012771606, "test/episode": 260.0, "test/mean_Q": -11.229852676391602, "stats_o/std": 0.16006918251514435}
{"stats_g/mean": 0.7822393774986267, "train/success_rate": 0.12399999797344208, "epoch": 13, "train/episode": 1400.0, "test/success_rate": 0.3349999785423279, "stats_o/mean": 0.18342043459415436, "stats_g/std": 0.1611444354057312, "test/episode": 280.0, "test/mean_Q": -12.07575798034668, "stats_o/std": 0.1633518636226654}
{"stats_g/mean": 0.7838034629821777, "train/success_rate": 0.1589999943971634, "epoch": 14, "train/episode": 1500.0, "test/success_rate": 0.35999998450279236, "stats_o/mean": 0.18390582501888275, "stats_g/std": 0.16111089289188385, "test/episode": 300.0, "test/mean_Q": -11.78034782409668, "stats_o/std": 0.16577838361263275}
{"stats_g/mean": 0.7850729823112488, "train/success_rate": 0.15199999511241913, "epoch": 15, "train/episode": 1600.0, "test/success_rate": 0.38499999046325684, "stats_o/mean": 0.18411903083324432, "stats_g/std": 0.16188658773899078, "test/episode": 320.0, "test/mean_Q": -12.252102851867676, "stats_o/std": 0.16812068223953247}
{"stats_g/mean": 0.7871165871620178, "train/success_rate": 0.14400000870227814, "epoch": 16, "train/episode": 1700.0, "test/success_rate": 0.46000003814697266, "stats_o/mean": 0.18460561335086823, "stats_g/std": 0.16321198642253876, "test/episode": 340.0, "test/mean_Q": -10.842687606811523, "stats_o/std": 0.17127665877342224}
{"stats_g/mean": 0.7893577218055725, "train/success_rate": 0.17600001394748688, "epoch": 17, "train/episode": 1800.0, "test/success_rate": 0.5200001001358032, "stats_o/mean": 0.185170516371727, "stats_g/std": 0.16376905143260956, "test/episode": 360.0, "test/mean_Q": -10.704038619995117, "stats_o/std": 0.1744791567325592}
{"stats_g/mean": 0.7919644713401794, "train/success_rate": 0.16999998688697815, "epoch": 18, "train/episode": 1900.0, "test/success_rate": 0.4650000035762787, "stats_o/mean": 0.18572582304477692, "stats_g/std": 0.16393619775772095, "test/episode": 380.0, "test/mean_Q": -11.380544662475586, "stats_o/std": 0.17787529528141022}
{"stats_g/mean": 0.7944479584693909, "train/success_rate": 0.1900000125169754, "epoch": 19, "train/episode": 2000.0, "test/success_rate": 0.5350000262260437, "stats_o/mean": 0.1860581338405609, "stats_g/std": 0.16445209085941315, "test/episode": 400.0, "test/mean_Q": -9.937158584594727, "stats_o/std": 0.18120437860488892}
{"stats_g/mean": 0.7966914772987366, "train/success_rate": 0.19299998879432678, "epoch": 20, "train/episode": 2100.0, "test/success_rate": 0.6050000190734863, "stats_o/mean": 0.18649646639823914, "stats_g/std": 0.16441260278224945, "test/episode": 420.0, "test/mean_Q": -9.811643600463867, "stats_o/std": 0.18410305678844452}
{"stats_g/mean": 0.7984940409660339, "train/success_rate": 0.17800000309944153, "epoch": 21, "train/episode": 2200.0, "test/success_rate": 0.5950000286102295, "stats_o/mean": 0.18712253868579865, "stats_g/std": 0.1644216626882553, "test/episode": 440.0, "test/mean_Q": -10.205370903015137, "stats_o/std": 0.18667331337928772}
{"stats_g/mean": 0.800433337688446, "train/success_rate": 0.17899999022483826, "epoch": 22, "train/episode": 2300.0, "test/success_rate": 0.6600000262260437, "stats_o/mean": 0.18764276802539825, "stats_g/std": 0.16418175399303436, "test/episode": 460.0, "test/mean_Q": -9.507831573486328, "stats_o/std": 0.18912860751152039}
{"stats_g/mean": 0.8020160794258118, "train/success_rate": 0.18999998271465302, "epoch": 23, "train/episode": 2400.0, "test/success_rate": 0.5949999690055847, "stats_o/mean": 0.18806786835193634, "stats_g/std": 0.16415423154830933, "test/episode": 480.0, "test/mean_Q": -10.864099502563477, "stats_o/std": 0.19125992059707642}
{"stats_g/mean": 0.8034014701843262, "train/success_rate": 0.1730000078678131, "epoch": 24, "train/episode": 2500.0, "test/success_rate": 0.5550000071525574, "stats_o/mean": 0.18835151195526123,