{"train/episode": 100.0, "train/success_rate": 0.0, "stats_o/mean": 0.20507928729057312, "test/episode": 20.0, "stats_o/std": 0.04746063053607941, "stats_g/std": 0.11179842799901962, "epoch": 0, "test/success_rate": 0.0, "stats_g/mean": 0.8618364334106445, "test/mean_Q": -3.1258347034454346}
{"train/episode": 200.0, "train/success_rate": 0.0, "stats_o/mean": 0.20443427562713623, "test/episode": 40.0, "stats_o/std": 0.04658939689397812, "stats_g/std": 0.11144169420003891, "epoch": 1, "test/success_rate": 0.0, "stats_g/mean": 0.8604777455329895, "test/mean_Q": -5.3034257888793945}
{"train/episode": 300.0, "train/success_rate": 0.0, "stats_o/mean": 0.20419320464134216, "test/episode": 60.0, "stats_o/std": 0.04632202163338661, "stats_g/std": 0.1112121120095253, "epoch": 2, "test/success_rate": 0.0, "stats_g/mean": 0.860275149345398, "test/mean_Q": -7.3356614112854}
{"train/episode": 400.0, "train/success_rate": 0.0, "stats_o/mean": 0.204055517911911, "test/episode": 80.0, "stats_o/std": 0.047013431787490845, "stats_g/std": 0.11150304228067398, "epoch": 3, "test/success_rate": 0.0, "stats_g/mean": 0.8598958849906921, "test/mean_Q": -9.28364372253418}
{"train/episode": 500.0, "train/success_rate": 0.0, "stats_o/mean": 0.20408475399017334, "test/episode": 100.0, "stats_o/std": 0.04677698761224747, "stats_g/std": 0.11167637258768082, "epoch": 4, "test/success_rate": 0.0, "stats_g/mean": 0.8600737452507019, "test/mean_Q": -11.24844741821289}
{"train/episode": 600.0, "train/success_rate": 0.0, "stats_o/mean": 0.20417580008506775, "test/episode": 120.0, "stats_o/std": 0.04651914909482002, "stats_g/std": 0.11156010627746582, "epoch": 5, "test/success_rate": 0.0, "stats_g/mean": 0.8602674603462219, "test/mean_Q": -13.136428833007812}
{"train/episode": 700.0, "train/success_rate": 0.0, "stats_o/mean": 0.2041895091533661, "test/episode": 140.0, "stats_o/std": 0.046271443367004395, "stats_g/std": 0.11153565347194672, "epoch": 6, "test/success_rate": 0.0, "stats_g/mean": 0.8604299426078796, "test/mean_Q": -14.825769424438477}
{"train/episode": 800.0, "train/success_rate": 0.0, "stats_o/mean": 0.2041204273700714, "test/episode": 160.0, "stats_o/std": 0.046209126710891724, "stats_g/std": 0.11141140758991241, "epoch": 7, "test/success_rate": 0.0, "stats_g/mean": 0.86021888256073, "test/mean_Q": -16.501794815063477}
{"train/episode": 900.0, "train/success_rate": 0.0, "stats_o/mean": 0.20404016971588135, "test/episode": 180.0, "stats_o/std": 0.04628231003880501, "stats_g/std": 0.1114342212677002, "epoch": 8, "test/success_rate": 0.0, "stats_g/mean": 0.8599966168403625, "test/mean_Q": -18.11263656616211}
{"train/episode": 1000.0, "train/success_rate": 0.0, "stats_o/mean": 0.20399203896522522, "test/episode": 200.0, "stats_o/std": 0.04633050784468651, "stats_g/std": 0.11142448335886002, "epoch": 9, "test/success_rate": 0.0, "stats_g/mean": 0.8598844408988953, "test/mean_Q": -19.676815032958984}
{"train/episode": 1100.0, "train/success_rate": 0.0, "stats_o/mean": 0.2040073573589325, "test/episode": 220.0, "stats_o/std": 0.046232644468545914, "stats_g/std": 0.11146227270364761, "epoch": 10, "test/success_rate": 0.0, "stats_g/mean": 0.8598849177360535, "test/mean_Q": -21.138723373413086}
{"train/episode": 1200.0, "train/success_rate": 0.0, "stats_o/mean": 0.20399875938892365, "test/episode": 240.0, "stats_o/std": 0.04623013362288475, "stats_g/std": 0.11159776151180267, "epoch": 11, "test/success_rate": 0.0, "stats_g/mean": 0.8599299192428589, "test/mean_Q": -22.54161262512207}
{"train/episode": 1300.0, "train/success_rate": 0.0, "stats_o/mean": 0.20398011803627014, "test/episode": 260.0, "stats_o/std": 0.04654867202043533, "stats_g/std": 0.11171314865350723, "epoch": 12, "test/success_rate": 0.0, "stats_g/mean": 0.8598620295524597, "test/mean_Q": -23.808765411376953}
{"train/episode": 1400.0, "train/success_rate": 0.0, "stats_o/mean": 0.20395061373710632, "test/episode": 280.0, "stats_o/std": 0.04679705575108528, "stats_g/std": 0.111758291721344, "epoch": 13, "test/success_rate": 0.0, "stats_g/mean": 0.8597514033317566, "test/mean_Q": -25.123615264892578}
{"train/episode": 1500.0, "train/success_rate": 0.0, "stats_o/mean": 0.2039555013179779, "test/episode": 300.0, "stats_o/std": 0.047032564878463745, "stats_g/std": 0.11182840913534164, "epoch": 14, "test/success_rate": 0.0, "stats_g/mean": 0.8597911596298218, "test/mean_Q": -26.29751205444336}
{"train/episode": 1600.0, "train/success_rate": 0.0, "stats_o/mean": 0.20397937297821045, "test/episode": 320.0, "stats_o/std": 0.04719097912311554, "stats_g/std": 0.11193500459194183, "epoch": 15, "test/success_rate": 0.0, "stats_g/mean": 0.8598453402519226, "test/mean_Q": -27.364633560180664}
{"train/episode": 1700.0, "train/success_rate": 0.0, "stats_o/mean": 0.20395800471305847, "test/episode": 340.0, "stats_o/std": 0.0472140796482563, "stats_g/std": 0.1119859591126442, "epoch": 16, "test/success_rate": 0.0, "stats_g/mean": 0.8598186373710632, "test/mean_Q": -28.4974365234375}
{"train/episode": 1800.0, "train/success_rate": 0.0, "stats_o/mean": 0.20394210517406464, "test/episode": 360.0, "stats_o/std": 0.04750290885567665, "stats_g/std": 0.1120457872748375, "epoch": 17, "test/success_rate": 0.0, "stats_g/mean": 0.859732449054718, "test/mean_Q": -29.428930282592773}
{"train/episode": 1900.0, "train/success_rate": 0.0, "stats_o/mean": 0.20395489037036896, "test/episode": 380.0, "stats_o/std": 0.04760845750570297, "stats_g/std": 0.11207586526870728, "epoch": 18, "test/success_rate": 0.0, "stats_g/mean": 0.8597494959831238, "test/mean_Q": -30.41995620727539}
{"train/episode": 2000.0, "train/success_rate": 0.0, "stats_o/mean": 0.2039743959903717, "test/episode": 400.0, "stats_o/std": 0.04793371260166168, "stats_g/std": 0.11212430149316788, "epoch": 19, "test/success_rate": 0.0, "stats_g/mean": 0.8598254323005676, "test/mean_Q": -31.325759887695312}
{"train/episode": 2100.0, "train/success_rate": 0.0, "stats_o/mean": 0.2039528340101242, "test/episode": 420.0, "stats_o/std": 0.047994036227464676, "stats_g/std": 0.11217357963323593, "epoch": 20, "test/success_rate": 0.0, "stats_g/mean": 0.859776496887207, "test/mean_Q": -32.202613830566406}
{"train/episode": 2200.0, "train/success_rate": 0.0, "stats_o/mean": 0.20394869148731232, "test/episode": 440.0, "stats_o/std": 0.048056308180093765, "stats_g/std": 0.11216767132282257, "epoch": 21, "test/success_rate": 0.0, "stats_g/mean": 0.8597391247749329, "test/mean_Q": -33.086219787597656}
{"train/episode": 2300.0, "train/success_rate": 0.0, "stats_o/mean": 0.20394448935985565, "test/episode": 460.0, "stats_o/std": 0.04825514182448387, "stats_g/std": 0.11219672113656998, "epoch": 22, "test/success_rate": 0.0, "stats_g/mean": 0.8597733378410339, "test/mean_Q": -33.96526336669922}
{"train/episode": 2400.0, "train/success_rate": 0.0, "stats_o/mean": 0.20395758748054504, "test/episode": 480.0, "stats_o/std": 0.04821349307894707, "stats_g/std": 0.1121697649359703, "epoch": 23, "test/success_rate": 0.0, "stats_g/mean": 0.8598068356513977, "test/mean_Q": -34.665367126464844}
{"train/episode": 2500.0, "train/success_rate": 0.0, "stats_o/mean": 0.20393788814544678, "test/episode": 500.0, "stats_o/std": 0.04823942482471466, "stats_g/std": 0.11215686798095703, "epoch": 24, "test/success_rate": 0.0, "stats_g/mean": 0.8597664833068848, "test/mean_Q": -35.35450744628906}
{"train/episode": 2600.0, "train/success_rate": 0.0, "stats_o/mean": 0.20391395688056946, "test/episode": 520.0, "stats_o/std": 0.04839485138654709, "stats_g/std": 0.11216076463460922, "epoch": 25, "test/success_rate": 0.0, "stats_g/mean": 0.8597186207771301, "test/mean_Q": -36.123477935791016}
{"train/episode": 2700.0, "train/success_rate": 0.0, "stats_o/mean": 0.2039072960615158, "test/episode": 540.0, "stats_o/std": 0.048253439366817474, "stats_g/std": 0.11214344203472137, "epoch": 26, "test/success_rate": 0.0, "stats_g/mean": 0.8597190976142883, "test/mean_Q": -36.631248474121094}
{"train/episode": 2800.0, "train/success_rate": 0.0,