{"stats_o/std": 0.07837371528148651, "train/success_rate": 0.0, "epoch": 0, "train/episode": 100.0, "test/mean_Q": -3.2163288593292236, "stats_g/std": 0.2726534903049469, "stats_g/mean": 0.8109326362609863, "stats_o/mean": 0.1730809211730957, "test/episode": 20.0, "test/success_rate": 0.0}
{"stats_o/std": 0.07875499129295349, "train/success_rate": 0.0, "epoch": 1, "train/episode": 200.0, "test/mean_Q": -5.432603359222412, "stats_g/std": 0.27176836133003235, "stats_g/mean": 0.810071587562561, "stats_o/mean": 0.1734381914138794, "test/episode": 40.0, "test/success_rate": 0.0}
{"stats_o/std": 0.07880403846502304, "train/success_rate": 0.0, "epoch": 2, "train/episode": 300.0, "test/mean_Q": -7.523196220397949, "stats_g/std": 0.27254757285118103, "stats_g/mean": 0.8079088926315308, "stats_o/mean": 0.17297349870204926, "test/episode": 60.0, "test/success_rate": 0.0}
{"stats_o/std": 0.079005166888237, "train/success_rate": 0.0, "epoch": 3, "train/episode": 400.0, "test/mean_Q": -9.641977310180664, "stats_g/std": 0.272564172744751, "stats_g/mean": 0.8089703321456909, "stats_o/mean": 0.17306901514530182, "test/episode": 80.0, "test/success_rate": 0.0}
{"stats_o/std": 0.07877425849437714, "train/success_rate": 0.0, "epoch": 4, "train/episode": 500.0, "test/mean_Q": -11.773927688598633, "stats_g/std": 0.2722668945789337, "stats_g/mean": 0.8094102740287781, "stats_o/mean": 0.17315837740898132, "test/episode": 100.0, "test/success_rate": 0.0}
{"stats_o/std": 0.07920509576797485, "train/success_rate": 0.0, "epoch": 5, "train/episode": 600.0, "test/mean_Q": -13.720590591430664, "stats_g/std": 0.2724757790565491, "stats_g/mean": 0.8099833726882935, "stats_o/mean": 0.17322801053524017, "test/episode": 120.0, "test/success_rate": 0.0}
{"stats_o/std": 0.07868955284357071, "train/success_rate": 0.0, "epoch": 6, "train/episode": 700.0, "test/mean_Q": -15.60301399230957, "stats_g/std": 0.271139532327652, "stats_g/mean": 0.810361385345459, "stats_o/mean": 0.17327409982681274, "test/episode": 140.0, "test/success_rate": 0.0}
{"stats_o/std": 0.07943408936262131, "train/success_rate": 0.0, "epoch": 7, "train/episode": 800.0, "test/mean_Q": -17.57794189453125, "stats_g/std": 0.27228888869285583, "stats_g/mean": 0.8112727403640747, "stats_o/mean": 0.17344608902931213, "test/episode": 160.0, "test/success_rate": 0.0}
{"stats_o/std": 0.07947678864002228, "train/success_rate": 0.0, "epoch": 8, "train/episode": 900.0, "test/mean_Q": -19.45304298400879, "stats_g/std": 0.27164456248283386, "stats_g/mean": 0.8115372657775879, "stats_o/mean": 0.17349636554718018, "test/episode": 180.0, "test/success_rate": 0.0}
{"stats_o/std": 0.07947323471307755, "train/success_rate": 0.0, "epoch": 9, "train/episode": 1000.0, "test/mean_Q": -21.10170555114746, "stats_g/std": 0.2712019979953766, "stats_g/mean": 0.8120957612991333, "stats_o/mean": 0.17362622916698456, "test/episode": 200.0, "test/success_rate": 0.0}
{"stats_o/std": 0.08004637062549591, "train/success_rate": 0.0, "epoch": 10, "train/episode": 1100.0, "test/mean_Q": -22.76864242553711, "stats_g/std": 0.27162614464759827, "stats_g/mean": 0.8121474385261536, "stats_o/mean": 0.17366443574428558, "test/episode": 220.0, "test/success_rate": 0.0}
{"stats_o/std": 0.08135052770376205, "train/success_rate": 0.0, "epoch": 11, "train/episode": 1200.0, "test/mean_Q": -24.477487564086914, "stats_g/std": 0.2724916934967041, "stats_g/mean": 0.8123859167098999, "stats_o/mean": 0.17367328703403473, "test/episode": 240.0, "test/success_rate": 0.0}
{"stats_o/std": 0.08321285247802734, "train/success_rate": 0.0009999999776482583, "epoch": 12, "train/episode": 1300.0, "test/mean_Q": -25.777050018310547, "stats_g/std": 0.2740837633609772, "stats_g/mean": 0.8131038546562195, "stats_o/mean": 0.17383834719657898, "test/episode": 260.0, "test/success_rate": 0.0}
{"stats_o/std": 0.08579785376787186, "train/success_rate": 0.0, "epoch": 13, "train/episode": 1400.0, "test/mean_Q": -27.357349395751953, "stats_g/std": 0.27617552876472473, "stats_g/mean": 0.8142907023429871, "stats_o/mean": 0.17414115369319916, "test/episode": 280.0, "test/success_rate": 0.0}
{"stats_o/std": 0.08896340429782867, "train/success_rate": 0.0009999999776482583, "epoch": 14, "train/episode": 1500.0, "test/mean_Q": -28.825204849243164, "stats_g/std": 0.2786558270454407, "stats_g/mean": 0.8156877756118774, "stats_o/mean": 0.17456424236297607, "test/episode": 300.0, "test/success_rate": 0.0}
{"stats_o/std": 0.09198073297739029, "train/success_rate": 0.0009999999776482583, "epoch": 15, "train/episode": 1600.0, "test/mean_Q": -30.266674041748047, "stats_g/std": 0.28059157729148865, "stats_g/mean": 0.8174389004707336, "stats_o/mean": 0.17499005794525146, "test/episode": 320.0, "test/success_rate": 0.0}
{"stats_o/std": 0.0962774008512497, "train/success_rate": 0.0, "epoch": 16, "train/episode": 1700.0, "test/mean_Q": -31.141366958618164, "stats_g/std": 0.2846892178058624, "stats_g/mean": 0.8190992474555969, "stats_o/mean": 0.17543412744998932, "test/episode": 340.0, "test/success_rate": 0.0}
{"stats_o/std": 0.1021045595407486, "train/success_rate": 0.0009999999776482583, "epoch": 17, "train/episode": 1800.0, "test/mean_Q": -32.60387420654297, "stats_g/std": 0.290581077337265, "stats_g/mean": 0.8216490745544434, "stats_o/mean": 0.176224023103714, "test/episode": 360.0, "test/success_rate": 0.005000000074505806}
{"stats_o/std": 0.10791002213954926, "train/success_rate": 0.0009999999776482583, "epoch": 18, "train/episode": 1900.0, "test/mean_Q": -33.70027542114258, "stats_g/std": 0.29588571190834045, "stats_g/mean": 0.8240985870361328, "stats_o/mean": 0.17692790925502777, "test/episode": 380.0, "test/success_rate": 0.0}
{"stats_o/std": 0.11517186462879181, "train/success_rate": 0.0019999999552965165, "epoch": 19, "train/episode": 2000.0, "test/mean_Q": -34.56489181518555, "stats_g/std": 0.302258163690567, "stats_g/mean": 0.8278197050094604, "stats_o/mean": 0.1778898984193802, "test/episode": 400.0, "test/success_rate": 0.0}
{"stats_o/std": 0.12141452729701996, "train/success_rate": 0.0, "epoch": 20, "train/episode": 2100.0, "test/mean_Q": -34.6817626953125, "stats_g/std": 0.30924978852272034, "stats_g/mean": 0.831407904624939, "stats_o/mean": 0.1787874400615692, "test/episode": 420.0, "test/success_rate": 0.0}
{"stats_o/std": 0.12574581801891327, "train/success_rate": 0.0019999999552965165, "epoch": 21, "train/episode": 2200.0, "test/mean_Q": -35.278018951416016, "stats_g/std": 0.3124222159385681, "stats_g/mean": 0.8346023559570312, "stats_o/mean": 0.17962205410003662, "test/episode": 440.0, "test/success_rate": 0.0}
{"stats_o/std": 0.12784422934055328, "train/success_rate": 0.0009999999776482583, "epoch": 22, "train/episode": 2300.0, "test/mean_Q": -36.10169982910156, "stats_g/std": 0.31377938389778137, "stats_g/mean": 0.8364441990852356, "stats_o/mean": 0.18005141615867615, "test/episode": 460.0, "test/success_rate": 0.0}
{"stats_o/std": 0.1290254145860672, "train/success_rate": 0.0019999999552965165, "epoch": 23, "train/episode": 2400.0, "test/mean_Q": -37.91675567626953, "stats_g/std": 0.31484630703926086, "stats_g/mean": 0.8373872637748718, "stats_o/mean": 0.1802026927471161, "test/episode": 480.0, "test/success_rate": 0.0}
{"stats_o/std": 0.13020990788936615, "train/success_rate": 0.003999999910593033, "epoch": 24, "train/episode": 2500.0, "test/mean_Q": -38.01182556152344, "stats_g/std": 0.31571635603904724, "stats_g/mean": 0.8381084203720093, "stats_o/mean": 0.18032924830913544, "test/episode": 500.0, "test/success_rate": 0.005000000074505806}
{"stats_o/std": 0.1321185976266861, "train/success_rate": 0.0019999999552965165, "epoch": 25, "train/episode": 2600.0, "test/mean_Q": -39.0139045715332, "stats_g/std": 0.31658050417900085, "stats_g/mean": 0.8398498296737671, "stats_o/mean": 0.18072378635406494, "test/episode": 520.0, "test/success_rate": 0.005000000074505806}
{"stats_o/std": 0.13291297852993011, "train/success_rate": 0.0009999999776482583, "epoch": 26, "train/episode": 2700.0,