{"stats_o/std": 0.049121588468551636, "stats_g/mean": 0.8850061297416687, "stats_o/mean": 0.20487520098686218, "epoch": 0, "train/episode": 100.0, "test/mean_Q": -3.004554033279419, "train/success_rate": 0.0, "test/episode": 20.0, "stats_g/std": 0.1282690167427063, "test/success_rate": 0.0}
{"stats_o/std": 0.04625397175550461, "stats_g/mean": 0.8832462430000305, "stats_o/mean": 0.20427152514457703, "epoch": 1, "train/episode": 200.0, "test/mean_Q": -5.1418328285217285, "train/success_rate": 0.0, "test/episode": 40.0, "stats_g/std": 0.1286342889070511, "test/success_rate": 0.0}
{"stats_o/std": 0.045869335532188416, "stats_g/mean": 0.8823933601379395, "stats_o/mean": 0.2040000706911087, "epoch": 2, "train/episode": 300.0, "test/mean_Q": -7.204689979553223, "train/success_rate": 0.0, "test/episode": 60.0, "stats_g/std": 0.12876172363758087, "test/success_rate": 0.0}
{"stats_o/std": 0.045874692499637604, "stats_g/mean": 0.8820997476577759, "stats_o/mean": 0.20393915474414825, "epoch": 3, "train/episode": 400.0, "test/mean_Q": -9.221684455871582, "train/success_rate": 0.0, "test/episode": 80.0, "stats_g/std": 0.1287093460559845, "test/success_rate": 0.0}
{"stats_o/std": 0.04526358097791672, "stats_g/mean": 0.8821318745613098, "stats_o/mean": 0.20391158759593964, "epoch": 4, "train/episode": 500.0, "test/mean_Q": -11.154196739196777, "train/success_rate": 0.0, "test/episode": 100.0, "stats_g/std": 0.1288117915391922, "test/success_rate": 0.0}
{"stats_o/std": 0.04503448307514191, "stats_g/mean": 0.8818731307983398, "stats_o/mean": 0.20388969779014587, "epoch": 5, "train/episode": 600.0, "test/mean_Q": -12.995091438293457, "train/success_rate": 0.0, "test/episode": 120.0, "stats_g/std": 0.1286563277244568, "test/success_rate": 0.0}
{"stats_o/std": 0.04522884264588356, "stats_g/mean": 0.882071316242218, "stats_o/mean": 0.2039688527584076, "epoch": 6, "train/episode": 700.0, "test/mean_Q": -14.751749038696289, "train/success_rate": 0.0, "test/episode": 140.0, "stats_g/std": 0.12899050116539001, "test/success_rate": 0.0}
{"stats_o/std": 0.04484885185956955, "stats_g/mean": 0.8819922208786011, "stats_o/mean": 0.2039456069469452, "epoch": 7, "train/episode": 800.0, "test/mean_Q": -16.479066848754883, "train/success_rate": 0.0, "test/episode": 160.0, "stats_g/std": 0.12885108590126038, "test/success_rate": 0.0}
{"stats_o/std": 0.045063089579343796, "stats_g/mean": 0.8821529150009155, "stats_o/mean": 0.20399963855743408, "epoch": 8, "train/episode": 900.0, "test/mean_Q": -18.04117202758789, "train/success_rate": 0.0, "test/episode": 180.0, "stats_g/std": 0.1286146193742752, "test/success_rate": 0.0}
{"stats_o/std": 0.045061592012643814, "stats_g/mean": 0.8820983171463013, "stats_o/mean": 0.2039811909198761, "epoch": 9, "train/episode": 1000.0, "test/mean_Q": -19.594921112060547, "train/success_rate": 0.0, "test/episode": 200.0, "stats_g/std": 0.12878471612930298, "test/success_rate": 0.0}
{"stats_o/std": 0.04468114301562309, "stats_g/mean": 0.8821758031845093, "stats_o/mean": 0.2039673626422882, "epoch": 10, "train/episode": 1100.0, "test/mean_Q": -21.026172637939453, "train/success_rate": 0.0, "test/episode": 220.0, "stats_g/std": 0.1287640482187271, "test/success_rate": 0.0}
{"stats_o/std": 0.04445037990808487, "stats_g/mean": 0.8823205828666687, "stats_o/mean": 0.203987717628479, "epoch": 11, "train/episode": 1200.0, "test/mean_Q": -22.43860626220703, "train/success_rate": 0.0, "test/episode": 240.0, "stats_g/std": 0.12860429286956787, "test/success_rate": 0.0}
{"stats_o/std": 0.04412974417209625, "stats_g/mean": 0.8822671175003052, "stats_o/mean": 0.20397134125232697, "epoch": 12, "train/episode": 1300.0, "test/mean_Q": -23.792919158935547, "train/success_rate": 0.0, "test/episode": 260.0, "stats_g/std": 0.1283336728811264, "test/success_rate": 0.0}
{"stats_o/std": 0.04404064640402794, "stats_g/mean": 0.8823320269584656, "stats_o/mean": 0.20400354266166687, "epoch": 13, "train/episode": 1400.0, "test/mean_Q": -25.01618766784668, "train/success_rate": 0.0, "test/episode": 280.0, "stats_g/std": 0.12850719690322876, "test/success_rate": 0.0}
{"stats_o/std": 0.04403705894947052, "stats_g/mean": 0.882321834564209, "stats_o/mean": 0.20400682091712952, "epoch": 14, "train/episode": 1500.0, "test/mean_Q": -26.205402374267578, "train/success_rate": 0.0, "test/episode": 300.0, "stats_g/std": 0.1284051388502121, "test/success_rate": 0.0}
{"stats_o/std": 0.044120240956544876, "stats_g/mean": 0.8822624087333679, "stats_o/mean": 0.2039906531572342, "epoch": 15, "train/episode": 1600.0, "test/mean_Q": -27.394153594970703, "train/success_rate": 0.0, "test/episode": 320.0, "stats_g/std": 0.1285863220691681, "test/success_rate": 0.0}
{"stats_o/std": 0.044111501425504684, "stats_g/mean": 0.8822477459907532, "stats_o/mean": 0.20399923622608185, "epoch": 16, "train/episode": 1700.0, "test/mean_Q": -28.480361938476562, "train/success_rate": 0.0, "test/episode": 340.0, "stats_g/std": 0.1285894811153412, "test/success_rate": 0.0}
{"stats_o/std": 0.04397052899003029, "stats_g/mean": 0.8822232484817505, "stats_o/mean": 0.2039952576160431, "epoch": 17, "train/episode": 1800.0, "test/mean_Q": -29.499919891357422, "train/success_rate": 0.0, "test/episode": 360.0, "stats_g/std": 0.12851853668689728, "test/success_rate": 0.0}
{"stats_o/std": 0.04410962015390396, "stats_g/mean": 0.8822835087776184, "stats_o/mean": 0.20401659607887268, "epoch": 18, "train/episode": 1900.0, "test/mean_Q": -30.497228622436523, "train/success_rate": 0.0, "test/episode": 380.0, "stats_g/std": 0.12840226292610168, "test/success_rate": 0.0}
{"stats_o/std": 0.04406409338116646, "stats_g/mean": 0.8823199272155762, "stats_o/mean": 0.20402702689170837, "epoch": 19, "train/episode": 2000.0, "test/mean_Q": -31.442211151123047, "train/success_rate": 0.0, "test/episode": 400.0, "stats_g/std": 0.12829190492630005, "test/success_rate": 0.0}
{"stats_o/std": 0.04406040534377098, "stats_g/mean": 0.8823478817939758, "stats_o/mean": 0.20404541492462158, "epoch": 20, "train/episode": 2100.0, "test/mean_Q": -32.42267608642578, "train/success_rate": 0.0, "test/episode": 420.0, "stats_g/std": 0.1283232867717743, "test/success_rate": 0.0}
{"stats_o/std": 0.043958865106105804, "stats_g/mean": 0.8823689222335815, "stats_o/mean": 0.20406098663806915, "epoch": 21, "train/episode": 2200.0, "test/mean_Q": -33.284263610839844, "train/success_rate": 0.0, "test/episode": 440.0, "stats_g/std": 0.1281682401895523, "test/success_rate": 0.0}
{"stats_o/std": 0.04403432831168175, "stats_g/mean": 0.882337749004364, "stats_o/mean": 0.20405307412147522, "epoch": 22, "train/episode": 2300.0, "test/mean_Q": -34.0941162109375, "train/success_rate": 0.0, "test/episode": 460.0, "stats_g/std": 0.1281709372997284, "test/success_rate": 0.0}
{"stats_o/std": 0.04391646757721901, "stats_g/mean": 0.882304310798645, "stats_o/mean": 0.20403680205345154, "epoch": 23, "train/episode": 2400.0, "test/mean_Q": -34.86821746826172, "train/success_rate": 0.0, "test/episode": 480.0, "stats_g/std": 0.12811915576457977, "test/success_rate": 0.0}
{"stats_o/std": 0.04395023360848427, "stats_g/mean": 0.8822420239448547, "stats_o/mean": 0.20402486622333527, "epoch": 24, "train/episode": 2500.0, "test/mean_Q": -35.56041717529297, "train/success_rate": 0.0, "test/episode": 500.0, "stats_g/std": 0.12807215750217438, "test/success_rate": 0.0}
{"stats_o/std": 0.04383477568626404, "stats_g/mean": 0.882245659828186, "stats_o/mean": 0.20402288436889648, "epoch": 25, "train/episode": 2600.0, "test/mean_Q": -36.26775360107422, "train/success_rate": 0.0, "test/episode": 520.0, "stats_g/std": 0.12802304327487946, "test/success_rate": 0.0}
{"stats_o/std": 0.043823763728141785, "stats_g/mean": 0.8821573257446289, "stats_o/mean": 0.20400233566761017, "epoch": 26, "train/episode": 2700.0, "test/mean_Q": -36.90989303588867, "train/success_rate": 0.0, "test/episode": 540.0, "stats_g/std": 0.12805591523647308, "test/success_rate": 0.0}
{"stats_o/std": 0.04375641420483589,