{"stats_o/std": 0.06944940239191055, "train/success_rate": 0.0, "test/episode": 10.0, "stats_o/mean": 0.17430882155895233, "train/episode": 50.0, "test/mean_Q": -3.1793739795684814, "epoch": 0, "test/success_rate": 0.0, "stats_g/mean": 0.9503958821296692, "stats_g/std": 0.5428345799446106}
{"stats_o/std": 0.06889313459396362, "train/success_rate": 0.0, "test/episode": 20.0, "stats_o/mean": 0.174348846077919, "train/episode": 100.0, "test/mean_Q": -5.3064985275268555, "epoch": 1, "test/success_rate": 0.0, "stats_g/mean": 0.9485985040664673, "stats_g/std": 0.5443897247314453}
{"stats_o/std": 0.06860280781984329, "train/success_rate": 0.0, "test/episode": 30.0, "stats_o/mean": 0.17442262172698975, "train/episode": 150.0, "test/mean_Q": -7.371140480041504, "epoch": 2, "test/success_rate": 0.0, "stats_g/mean": 0.9504381418228149, "stats_g/std": 0.545333743095398}
{"stats_o/std": 0.06887733191251755, "train/success_rate": 0.0, "test/episode": 40.0, "stats_o/mean": 0.17460235953330994, "train/episode": 200.0, "test/mean_Q": -9.370944023132324, "epoch": 3, "test/success_rate": 0.0, "stats_g/mean": 0.949552059173584, "stats_g/std": 0.545362114906311}
