{"stats_o/std": 0.09760110080242157, "stats_o/mean": 0.1727381944656372, "train/episode": 100.0, "epoch": 0, "train/success_rate": 0.0, "stats_g/mean": 0.8158286809921265, "test/episode": 20.0, "test/mean_Q": -3.0989232063293457, "test/success_rate": 0.0, "stats_g/std": 0.26901474595069885}
{"stats_o/std": 0.08909565955400467, "stats_o/mean": 0.17329993844032288, "train/episode": 200.0, "epoch": 1, "train/success_rate": 0.0, "stats_g/mean": 0.8145259022712708, "test/episode": 40.0, "test/mean_Q": -5.277501583099365, "test/success_rate": 0.0, "stats_g/std": 0.2599125802516937}
{"stats_o/std": 0.08679213374853134, "stats_o/mean": 0.1734735518693924, "train/episode": 300.0, "epoch": 2, "train/success_rate": 0.0, "stats_g/mean": 0.8154581189155579, "test/episode": 60.0, "test/mean_Q": -7.398521423339844, "test/success_rate": 0.0, "stats_g/std": 0.2582981288433075}
{"stats_o/std": 0.08653803914785385, "stats_o/mean": 0.17348890006542206, "train/episode": 400.0, "epoch": 3, "train/success_rate": 0.0, "stats_g/mean": 0.8149439692497253, "test/episode": 80.0, "test/mean_Q": -9.662364959716797, "test/success_rate": 0.0, "stats_g/std": 0.2612921893596649}
{"stats_o/std": 0.08720377832651138, "stats_o/mean": 0.1734420359134674, "train/episode": 500.0, "epoch": 4, "train/success_rate": 0.0, "stats_g/mean": 0.8144327402114868, "test/episode": 100.0, "test/mean_Q": -11.890344619750977, "test/success_rate": 0.0, "stats_g/std": 0.2619577944278717}
{"stats_o/std": 0.0855402946472168, "stats_o/mean": 0.1733151376247406, "train/episode": 600.0, "epoch": 5, "train/success_rate": 0.0, "stats_g/mean": 0.8141219019889832, "test/episode": 120.0, "test/mean_Q": -13.931182861328125, "test/success_rate": 0.0, "stats_g/std": 0.26007241010665894}
{"stats_o/std": 0.08504635840654373, "stats_o/mean": 0.17317873239517212, "train/episode": 700.0, "epoch": 6, "train/success_rate": 0.0, "stats_g/mean": 0.8140209317207336, "test/episode": 140.0, "test/mean_Q": -15.969213485717773, "test/success_rate": 0.0, "stats_g/std": 0.2601628601551056}
{"stats_o/std": 0.08475446701049805, "stats_o/mean": 0.1731470227241516, "train/episode": 800.0, "epoch": 7, "train/success_rate": 0.0, "stats_g/mean": 0.8142451047897339, "test/episode": 160.0, "test/mean_Q": -17.906982421875, "test/success_rate": 0.0, "stats_g/std": 0.25969645380973816}
{"stats_o/std": 0.0846879854798317, "stats_o/mean": 0.1731565147638321, "train/episode": 900.0, "epoch": 8, "train/success_rate": 0.0, "stats_g/mean": 0.8143380880355835, "test/episode": 180.0, "test/mean_Q": -19.918468475341797, "test/success_rate": 0.0, "stats_g/std": 0.26071128249168396}
{"stats_o/std": 0.08397927135229111, "stats_o/mean": 0.17321357131004333, "train/episode": 1000.0, "epoch": 9, "train/success_rate": 0.0, "stats_g/mean": 0.8144300580024719, "test/episode": 200.0, "test/mean_Q": -21.9251651763916, "test/success_rate": 0.0, "stats_g/std": 0.259389191865921}
{"stats_o/std": 0.08382546156644821, "stats_o/mean": 0.17329412698745728, "train/episode": 1100.0, "epoch": 10, "train/success_rate": 0.0, "stats_g/mean": 0.814594566822052, "test/episode": 220.0, "test/mean_Q": -23.670101165771484, "test/success_rate": 0.0, "stats_g/std": 0.2591678500175476}
{"stats_o/std": 0.08320365101099014, "stats_o/mean": 0.17329223453998566, "train/episode": 1200.0, "epoch": 11, "train/success_rate": 0.0, "stats_g/mean": 0.8144921064376831, "test/episode": 240.0, "test/mean_Q": -25.60555076599121, "test/success_rate": 0.0, "stats_g/std": 0.25901201367378235}
{"stats_o/std": 0.08286529779434204, "stats_o/mean": 0.1733744740486145, "train/episode": 1300.0, "epoch": 12, "train/success_rate": 0.0, "stats_g/mean": 0.8147895932197571, "test/episode": 260.0, "test/mean_Q": -27.327472686767578, "test/success_rate": 0.0, "stats_g/std": 0.25906527042388916}
{"stats_o/std": 0.08293123543262482, "stats_o/mean": 0.1734400987625122, "train/episode": 1400.0, "epoch": 13, "train/success_rate": 0.0, "stats_g/mean": 0.8145203590393066, "test/episode": 280.0, "test/mean_Q": -29.00922203063965, "test/success_rate": 0.0, "stats_g/std": 0.25917768478393555}
{"stats_o/std": 0.08321350812911987, "stats_o/mean": 0.17347246408462524, "train/episode": 1500.0, "epoch": 14, "train/success_rate": 0.0, "stats_g/mean": 0.8146049380302429, "test/episode": 300.0, "test/mean_Q": -30.731481552124023, "test/success_rate": 0.0, "stats_g/std": 0.2596825063228607}
{"stats_o/std": 0.08308873325586319, "stats_o/mean": 0.1735275834798813, "train/episode": 1600.0, "epoch": 15, "train/success_rate": 0.0, "stats_g/mean": 0.8145152926445007, "test/episode": 320.0, "test/mean_Q": -32.4133415222168, "test/success_rate": 0.0, "stats_g/std": 0.25944390892982483}
{"stats_o/std": 0.08331567049026489, "stats_o/mean": 0.17352119088172913, "train/episode": 1700.0, "epoch": 16, "train/success_rate": 0.0, "stats_g/mean": 0.8145662546157837, "test/episode": 340.0, "test/mean_Q": -33.99738693237305, "test/success_rate": 0.0, "stats_g/std": 0.25920888781547546}
{"stats_o/std": 0.08345501869916916, "stats_o/mean": 0.17352302372455597, "train/episode": 1800.0, "epoch": 17, "train/success_rate": 0.0, "stats_g/mean": 0.8146093487739563, "test/episode": 360.0, "test/mean_Q": -35.661460876464844, "test/success_rate": 0.0, "stats_g/std": 0.2589220106601715}
{"stats_o/std": 0.08412768691778183, "stats_o/mean": 0.17357033491134644, "train/episode": 1900.0, "epoch": 18, "train/success_rate": 0.0, "stats_g/mean": 0.8145976066589355, "test/episode": 380.0, "test/mean_Q": -36.76295852661133, "test/success_rate": 0.0, "stats_g/std": 0.2593971788883209}
{"stats_o/std": 0.08537358045578003, "stats_o/mean": 0.17355546355247498, "train/episode": 2000.0, "epoch": 19, "train/success_rate": 0.0, "stats_g/mean": 0.8144854307174683, "test/episode": 400.0, "test/mean_Q": -36.88731002807617, "test/success_rate": 0.0, "stats_g/std": 0.25939038395881653}
{"stats_o/std": 0.08775969594717026, "stats_o/mean": 0.17336340248584747, "train/episode": 2100.0, "epoch": 20, "train/success_rate": 0.0, "stats_g/mean": 0.814434826374054, "test/episode": 420.0, "test/mean_Q": -37.027984619140625, "test/success_rate": 0.0, "stats_g/std": 0.2603723704814911}
{"stats_o/std": 0.09039724618196487, "stats_o/mean": 0.17318321764469147, "train/episode": 2200.0, "epoch": 21, "train/success_rate": 0.0, "stats_g/mean": 0.8143649101257324, "test/episode": 440.0, "test/mean_Q": -38.76777648925781, "test/success_rate": 0.0, "stats_g/std": 0.2614610493183136}
{"stats_o/std": 0.09209313243627548, "stats_o/mean": 0.17309339344501495, "train/episode": 2300.0, "epoch": 22, "train/success_rate": 0.0, "stats_g/mean": 0.8143207430839539, "test/episode": 460.0, "test/mean_Q": -40.11565017700195, "test/success_rate": 0.0, "stats_g/std": 0.262103408575058}
{"stats_o/std": 0.09350136667490005, "stats_o/mean": 0.17298835515975952, "train/episode": 2400.0, "epoch": 23, "train/success_rate": 0.0, "stats_g/mean": 0.8143760561943054, "test/episode": 480.0, "test/mean_Q": -41.533912658691406, "test/success_rate": 0.0, "stats_g/std": 0.26270821690559387}
{"stats_o/std": 0.09478610008955002, "stats_o/mean": 0.17287370562553406, "train/episode": 2500.0, "epoch": 24, "train/success_rate": 0.0, "stats_g/mean": 0.8144238591194153, "test/episode": 500.0, "test/mean_Q": -42.73529815673828, "test/success_rate": 0.0, "stats_g/std": 0.26331448554992676}
