{"stats_g/mean": 0.8156870603561401, "test/mean_Q": -3.3135128021240234, "epoch": 0, "train/episode": 100.0, "stats_o/mean": 0.17426204681396484, "stats_g/std": 0.2647065222263336, "stats_o/std": 0.09282105416059494, "test/success_rate": 0.0, "test/episode": 20.0, "train/success_rate": 0.0}
{"stats_g/mean": 0.8160243034362793, "test/mean_Q": -5.473027229309082, "epoch": 1, "train/episode": 200.0, "stats_o/mean": 0.1733834147453308, "stats_g/std": 0.2703660726547241, "stats_o/std": 0.09386937320232391, "test/success_rate": 0.0, "test/episode": 40.0, "train/success_rate": 0.0}
{"stats_g/mean": 0.8167701959609985, "test/mean_Q": -7.698851108551025, "epoch": 2, "train/episode": 300.0, "stats_o/mean": 0.17355848848819733, "stats_g/std": 0.2717706859111786, "stats_o/std": 0.0956316664814949, "test/success_rate": 0.0, "test/episode": 60.0, "train/success_rate": 0.0}
{"stats_g/mean": 0.8166061639785767, "test/mean_Q": -9.870668411254883, "epoch": 3, "train/episode": 400.0, "stats_o/mean": 0.17337456345558167, "stats_g/std": 0.2708068788051605, "stats_o/std": 0.09464782476425171, "test/success_rate": 0.0, "test/episode": 80.0, "train/success_rate": 0.0}
{"stats_g/mean": 0.8162481188774109, "test/mean_Q": -12.054742813110352, "epoch": 4, "train/episode": 500.0, "stats_o/mean": 0.17329007387161255, "stats_g/std": 0.2700292468070984, "stats_o/std": 0.09455029666423798, "test/success_rate": 0.0, "test/episode": 100.0, "train/success_rate": 0.0}
{"stats_g/mean": 0.8156324625015259, "test/mean_Q": -14.150453567504883, "epoch": 5, "train/episode": 600.0, "stats_o/mean": 0.17317718267440796, "stats_g/std": 0.27142074704170227, "stats_o/std": 0.09481825679540634, "test/success_rate": 0.0, "test/episode": 120.0, "train/success_rate": 0.0}
{"stats_g/mean": 0.815121054649353, "test/mean_Q": -16.19215965270996, "epoch": 6, "train/episode": 700.0, "stats_o/mean": 0.1731552928686142, "stats_g/std": 0.2710748612880707, "stats_o/std": 0.09410027414560318, "test/success_rate": 0.0, "test/episode": 140.0, "train/success_rate": 0.0}
{"stats_g/mean": 0.8157061338424683, "test/mean_Q": -18.241708755493164, "epoch": 7, "train/episode": 800.0, "stats_o/mean": 0.17330734431743622, "stats_g/std": 0.26964595913887024, "stats_o/std": 0.09328529983758926, "test/success_rate": 0.0, "test/episode": 160.0, "train/success_rate": 0.0}
{"stats_g/mean": 0.8158441781997681, "test/mean_Q": -20.24568748474121, "epoch": 8, "train/episode": 900.0, "stats_o/mean": 0.17332936823368073, "stats_g/std": 0.2694351077079773, "stats_o/std": 0.09278950095176697, "test/success_rate": 0.0, "test/episode": 180.0, "train/success_rate": 0.0}
{"stats_g/mean": 0.8164284825325012, "test/mean_Q": -22.17447280883789, "epoch": 9, "train/episode": 1000.0, "stats_o/mean": 0.1734313815832138, "stats_g/std": 0.26988306641578674, "stats_o/std": 0.09282969683408737, "test/success_rate": 0.0, "test/episode": 200.0, "train/success_rate": 0.0}
{"stats_g/mean": 0.8169535398483276, "test/mean_Q": -24.062976837158203, "epoch": 10, "train/episode": 1100.0, "stats_o/mean": 0.17344044148921967, "stats_g/std": 0.27009835839271545, "stats_o/std": 0.09347084909677505, "test/success_rate": 0.0, "test/episode": 220.0, "train/success_rate": 0.0}
{"stats_g/mean": 0.817025363445282, "test/mean_Q": -25.815704345703125, "epoch": 11, "train/episode": 1200.0, "stats_o/mean": 0.17336519062519073, "stats_g/std": 0.26982903480529785, "stats_o/std": 0.09396828711032867, "test/success_rate": 0.0, "test/episode": 240.0, "train/success_rate": 0.0}
{"stats_g/mean": 0.8170968294143677, "test/mean_Q": -26.968307495117188, "epoch": 12, "train/episode": 1300.0, "stats_o/mean": 0.17341075837612152, "stats_g/std": 0.26998016238212585, "stats_o/std": 0.09488105028867722, "test/success_rate": 0.0, "test/episode": 260.0, "train/success_rate": 0.0}
{"stats_g/mean": 0.8168432116508484, "test/mean_Q": -27.83246421813965, "epoch": 13, "train/episode": 1400.0, "stats_o/mean": 0.1732437163591385, "stats_g/std": 0.2699279189109802, "stats_o/std": 0.0962880551815033, "test/success_rate": 0.0, "test/episode": 280.0, "train/success_rate": 0.0}
{"stats_g/mean": 0.8160446286201477, "test/mean_Q": -29.191509246826172, "epoch": 14, "train/episode": 1500.0, "stats_o/mean": 0.17302095890045166, "stats_g/std": 0.27076753973960876, "stats_o/std": 0.09799506515264511, "test/success_rate": 0.0, "test/episode": 300.0, "train/success_rate": 0.0}
{"stats_g/mean": 0.8158239126205444, "test/mean_Q": -30.510723114013672, "epoch": 15, "train/episode": 1600.0, "stats_o/mean": 0.1729961782693863, "stats_g/std": 0.27137792110443115, "stats_o/std": 0.09951672703027725, "test/success_rate": 0.0, "test/episode": 320.0, "train/success_rate": 0.0}
{"stats_g/mean": 0.8149520754814148, "test/mean_Q": -31.955968856811523, "epoch": 16, "train/episode": 1700.0, "stats_o/mean": 0.17292790114879608, "stats_g/std": 0.27223217487335205, "stats_o/std": 0.10131099075078964, "test/success_rate": 0.0, "test/episode": 340.0, "train/success_rate": 0.0}
{"stats_g/mean": 0.8146479725837708, "test/mean_Q": -33.98895263671875, "epoch": 17, "train/episode": 1800.0, "stats_o/mean": 0.17299360036849976, "stats_g/std": 0.27271947264671326, "stats_o/std": 0.10275457799434662, "test/success_rate": 0.0, "test/episode": 360.0, "train/success_rate": 0.0}
{"stats_g/mean": 0.8143169283866882, "test/mean_Q": -35.25040054321289, "epoch": 18, "train/episode": 1900.0, "stats_o/mean": 0.17301245033740997, "stats_g/std": 0.27250877022743225, "stats_o/std": 0.10370423644781113, "test/success_rate": 0.0, "test/episode": 380.0, "train/success_rate": 0.0}
{"stats_g/mean": 0.8141313791275024, "test/mean_Q": -37.003334045410156, "epoch": 19, "train/episode": 2000.0, "stats_o/mean": 0.1729837954044342, "stats_g/std": 0.27256980538368225, "stats_o/std": 0.10456755012273788, "test/success_rate": 0.0, "test/episode": 400.0, "train/success_rate": 0.0}
{"stats_g/mean": 0.8141794204711914, "test/mean_Q": -38.1311149597168, "epoch": 20, "train/episode": 2100.0, "stats_o/mean": 0.1729741096496582, "stats_g/std": 0.2731027901172638, "stats_o/std": 0.1055893748998642, "test/success_rate": 0.0, "test/episode": 420.0, "train/success_rate": 0.0}
{"stats_g/mean": 0.8140121698379517, "test/mean_Q": -39.202423095703125, "epoch": 21, "train/episode": 2200.0, "stats_o/mean": 0.172978937625885, "stats_g/std": 0.2739223539829254, "stats_o/std": 0.10690610110759735, "test/success_rate": 0.0, "test/episode": 440.0, "train/success_rate": 0.0}
{"stats_g/mean": 0.8139737248420715, "test/mean_Q": -41.05245590209961, "epoch": 22, "train/episode": 2300.0, "stats_o/mean": 0.1729058027267456, "stats_g/std": 0.2747551202774048, "stats_o/std": 0.10810945928096771, "test/success_rate": 0.0, "test/episode": 460.0, "train/success_rate": 0.0}
{"stats_g/mean": 0.8142010569572449, "test/mean_Q": -42.17057800292969, "epoch": 23, "train/episode": 2400.0, "stats_o/mean": 0.17289401590824127, "stats_g/std": 0.27689114212989807, "stats_o/std": 0.10954219102859497, "test/success_rate": 0.0, "test/episode": 480.0, "train/success_rate": 0.0}
{"stats_g/mean": 0.8142186999320984, "test/mean_Q": -44.20298767089844, "epoch": 24, "train/episode": 2500.0, "stats_o/mean": 0.17283527553081512, "stats_g/std": 0.2784270942211151, "stats_o/std": 0.11110274493694305, "test/success_rate": 0.0, "test/episode": 500.0, "train/success_rate": 0.0}
{"stats_g/mean": 0.8144591450691223, "test/mean_Q": -45.15135955810547, "epoch": 25, "train/episode": 2600.0, "stats_o/mean": 0.17286203801631927, "stats_g/std": 0.2811487317085266, "stats_o/std": 0.1136595830321312, "test/success_rate": 0.0, "test/episode": 520.0, "train/success_rate": 0.0}
{"stats_g/mean": 0.8147518038749695, "test/mean_Q": -46.2844123840332, "epoch": 26, "train/episode": 2700.0, "stats_o/mean": 0.17292003333568573, "stats_g/std": 0.2839353382587433, "stats_o/std": 0.11626055091619492, "test/success_rate": 0.0, "test/episode": 540.0, "train/success_rate": 0.0}
{"stats_g/mean": 0.8150590062141418, "test/mean_Q": -47.267818450927734,