# {"env_id": "FetchPush-v1", "t_start": 1574265622.8156283} 
r,l,t
-21.0,50,2.704072
-28.0,50,5.191049
-31.0,50,7.369286
0.0,50,9.613734
-14.0,50,12.023247
0.0,50,14.736246
-14.0,50,17.467102
-14.0,50,19.788199
-28.0,50,21.983166
-20.0,50,24.156289
-13.0,50,26.357165
-50.0,50,28.507304
-24.0,50,30.685028
