{"stats_g/mean": 0.8539481163024902, "train/episode": 100.0, "test/mean_Q": -2.385641574859619, "stats_g/std": 0.1018337830901146, "epoch": 0, "stats_o/std": 0.045705247670412064, "test/success_rate": 0.24500000476837158, "stats_o/mean": 0.20394828915596008, "test/episode": 20.0, "train/success_rate": 0.3310000002384186}
{"stats_g/mean": 0.8538991212844849, "train/episode": 200.0, "test/mean_Q": -3.396624803543091, "stats_g/std": 0.10110564529895782, "epoch": 1, "stats_o/std": 0.045011524111032486, "test/success_rate": 0.3699999749660492, "stats_o/mean": 0.20412170886993408, "test/episode": 40.0, "train/success_rate": 0.35499998927116394}
{"stats_g/mean": 0.8540742993354797, "train/episode": 300.0, "test/mean_Q": -4.719112873077393, "stats_g/std": 0.10112982988357544, "epoch": 2, "stats_o/std": 0.04428597912192345, "test/success_rate": 0.375, "stats_o/mean": 0.20415344834327698, "test/episode": 60.0, "train/success_rate": 0.3529999852180481}
{"stats_g/mean": 0.8542420268058777, "train/episode": 400.0, "test/mean_Q": -6.474072456359863, "stats_g/std": 0.10067437589168549, "epoch": 3, "stats_o/std": 0.043915752321481705, "test/success_rate": 0.304999977350235, "stats_o/mean": 0.2041487693786621, "test/episode": 80.0, "train/success_rate": 0.33799999952316284}
{"stats_g/mean": 0.8539349436759949, "train/episode": 500.0, "test/mean_Q": -7.113628387451172, "stats_g/std": 0.1000438928604126, "epoch": 4, "stats_o/std": 0.04400229454040527, "test/success_rate": 0.36500000953674316, "stats_o/mean": 0.20407195389270782, "test/episode": 100.0, "train/success_rate": 0.34299999475479126}
{"stats_g/mean": 0.853847324848175, "train/episode": 600.0, "test/mean_Q": -8.61769962310791, "stats_g/std": 0.09969129413366318, "epoch": 5, "stats_o/std": 0.04371894523501396, "test/success_rate": 0.36500000953674316, "stats_o/mean": 0.20405058562755585, "test/episode": 120.0, "train/success_rate": 0.34299999475479126}
{"stats_g/mean": 0.853870689868927, "train/episode": 700.0, "test/mean_Q": -11.055013656616211, "stats_g/std": 0.09982925653457642, "epoch": 6, "stats_o/std": 0.04369071498513222, "test/success_rate": 0.2900000214576721, "stats_o/mean": 0.20404359698295593, "test/episode": 140.0, "train/success_rate": 0.32199999690055847}
{"stats_g/mean": 0.8534282445907593, "train/episode": 800.0, "test/mean_Q": -11.651326179504395, "stats_g/std": 0.09979274868965149, "epoch": 7, "stats_o/std": 0.04369189590215683, "test/success_rate": 0.3149999976158142, "stats_o/mean": 0.2039826363325119, "test/episode": 160.0, "train/success_rate": 0.37400001287460327}
{"stats_g/mean": 0.8535286784172058, "train/episode": 900.0, "test/mean_Q": -12.953027725219727, "stats_g/std": 0.09965019673109055, "epoch": 8, "stats_o/std": 0.04369001463055611, "test/success_rate": 0.33000001311302185, "stats_o/mean": 0.20400798320770264, "test/episode": 180.0, "train/success_rate": 0.36000001430511475}
{"stats_g/mean": 0.8534337878227234, "train/episode": 1000.0, "test/mean_Q": -14.708206176757812, "stats_g/std": 0.09996712952852249, "epoch": 9, "stats_o/std": 0.04386942833662033, "test/success_rate": 0.3050000071525574, "stats_o/mean": 0.20400556921958923, "test/episode": 200.0, "train/success_rate": 0.3540000319480896}
{"stats_g/mean": 0.8534265756607056, "train/episode": 1100.0, "test/mean_Q": -15.117047309875488, "stats_g/std": 0.09996148943901062, "epoch": 10, "stats_o/std": 0.04386226087808609, "test/success_rate": 0.3400000035762787, "stats_o/mean": 0.20401529967784882, "test/episode": 220.0, "train/success_rate": 0.3310000002384186}
{"stats_g/mean": 0.8534435033798218, "train/episode": 1200.0, "test/mean_Q": -15.719274520874023, "stats_g/std": 0.09990129619836807, "epoch": 11, "stats_o/std": 0.04395664110779762, "test/success_rate": 0.3449999690055847, "stats_o/mean": 0.2040087878704071, "test/episode": 240.0, "train/success_rate": 0.3530000150203705}
{"stats_g/mean": 0.8533803820610046, "train/episode": 1300.0, "test/mean_Q": -17.610107421875, "stats_g/std": 0.1000533327460289, "epoch": 12, "stats_o/std": 0.04424119368195534, "test/success_rate": 0.32499998807907104, "stats_o/mean": 0.20399217307567596, "test/episode": 260.0, "train/success_rate": 0.3499999940395355}
{"stats_g/mean": 0.8533763885498047, "train/episode": 1400.0, "test/mean_Q": -18.279842376708984, "stats_g/std": 0.09991514682769775, "epoch": 13, "stats_o/std": 0.04427164047956467, "test/success_rate": 0.36500000953674316, "stats_o/mean": 0.203999325633049, "test/episode": 280.0, "train/success_rate": 0.3579999804496765}
{"stats_g/mean": 0.8533955812454224, "train/episode": 1500.0, "test/mean_Q": -19.18718147277832, "stats_g/std": 0.09984613209962845, "epoch": 14, "stats_o/std": 0.044300101697444916, "test/success_rate": 0.33500000834465027, "stats_o/mean": 0.20401573181152344, "test/episode": 300.0, "train/success_rate": 0.36800000071525574}
{"stats_g/mean": 0.8532465100288391, "train/episode": 1600.0, "test/mean_Q": -17.567550659179688, "stats_g/std": 0.09991607815027237, "epoch": 15, "stats_o/std": 0.0444561131298542, "test/success_rate": 0.42500001192092896, "stats_o/mean": 0.2039741724729538, "test/episode": 320.0, "train/success_rate": 0.3659999966621399}
{"stats_g/mean": 0.8532637357711792, "train/episode": 1700.0, "test/mean_Q": -23.20538330078125, "stats_g/std": 0.10023216158151627, "epoch": 16, "stats_o/std": 0.044567350298166275, "test/success_rate": 0.2750000059604645, "stats_o/mean": 0.20395775139331818, "test/episode": 340.0, "train/success_rate": 0.3409999907016754}
{"stats_g/mean": 0.8531395196914673, "train/episode": 1800.0, "test/mean_Q": -21.294443130493164, "stats_g/std": 0.10037491470575333, "epoch": 17, "stats_o/std": 0.04466408118605614, "test/success_rate": 0.3799999952316284, "stats_o/mean": 0.20392835140228271, "test/episode": 360.0, "train/success_rate": 0.3720000088214874}
{"stats_g/mean": 0.8530582189559937, "train/episode": 1900.0, "test/mean_Q": -24.31094741821289, "stats_g/std": 0.10030414909124374, "epoch": 18, "stats_o/std": 0.04480702430009842, "test/success_rate": 0.3149999976158142, "stats_o/mean": 0.2039259374141693, "test/episode": 380.0, "train/success_rate": 0.35999998450279236}
{"stats_g/mean": 0.8531420826911926, "train/episode": 2000.0, "test/mean_Q": -22.9801025390625, "stats_g/std": 0.10036672651767731, "epoch": 19, "stats_o/std": 0.044825538992881775, "test/success_rate": 0.3799999952316284, "stats_o/mean": 0.2039446085691452, "test/episode": 400.0, "train/success_rate": 0.3330000042915344}
{"stats_g/mean": 0.8532411456108093, "train/episode": 2100.0, "test/mean_Q": -23.819873809814453, "stats_g/std": 0.10031269490718842, "epoch": 20, "stats_o/std": 0.04491463303565979, "test/success_rate": 0.36500000953674316, "stats_o/mean": 0.20397357642650604, "test/episode": 420.0, "train/success_rate": 0.35899999737739563}
{"stats_g/mean": 0.8532499074935913, "train/episode": 2200.0, "test/mean_Q": -26.467071533203125, "stats_g/std": 0.10049589723348618, "epoch": 21, "stats_o/std": 0.045123301446437836, "test/success_rate": 0.3199999928474426, "stats_o/mean": 0.20397546887397766, "test/episode": 440.0, "train/success_rate": 0.33799999952316284}
{"stats_g/mean": 0.8532020449638367, "train/episode": 2300.0, "test/mean_Q": -27.472232818603516, "stats_g/std": 0.10053374618291855, "epoch": 22, "stats_o/std": 0.04525081813335419, "test/success_rate": 0.30000001192092896, "stats_o/mean": 0.20395521819591522, "test/episode": 460.0, "train/success_rate": 0.3479999899864197}
{"stats_g/mean": 0.8532230257987976, "train/episode": 2400.0, "test/mean_Q": -23.745620727539062, "stats_g/std": 0.10060987621545792, "epoch": 23, "stats_o/std": 0.045432545244693756, "test/success_rate": 0.4350000321865082, "stats_o/mean": 0.20395740866661072, "test/episode": 480.0, "train/success_rate": 0.3330000042915344}
{"stats_g/mean": 0.8531485795974731, "train/episode": 2500.0, "test/mean_Q": -27.548641204833984, "stats_g/std": 0.10057386010885239, "epoch": 24, "stats_o/std": 0.045537952333688736,