{"train/success_rate": 0.025999998673796654, "stats_g/mean": 0.8562747836112976, "test/success_rate": 0.025, "stats_g/std": 0.10429656505584717, "test/episode": 20.0, "train/episode": 100.0, "stats_o/std": 0.036176376044750214, "stats_o/mean": 0.20368508994579315, "test/mean_Q": -3.0662026405334473, "epoch": 0}
{"train/success_rate": 0.02799999974668026, "stats_g/mean": 0.856029212474823, "test/success_rate": 0.020000000298023225, "stats_g/std": 0.10298745334148407, "test/episode": 40.0, "train/episode": 200.0, "stats_o/std": 0.035991568118333817, "stats_o/mean": 0.203703835606575, "test/mean_Q": -5.133852958679199, "epoch": 1}
{"train/success_rate": 0.026999998837709427, "stats_g/mean": 0.8567621111869812, "test/success_rate": 0.015000000223517418, "stats_g/std": 0.1047741025686264, "test/episode": 60.0, "train/episode": 300.0, "stats_o/std": 0.035870011895895004, "stats_o/mean": 0.2037855088710785, "test/mean_Q": -6.965431213378906, "epoch": 2}
{"train/success_rate": 0.02800000086426735, "stats_g/mean": 0.8570086359977722, "test/success_rate": 0.02500000037252903, "stats_g/std": 0.10610818862915039, "test/episode": 80.0, "train/episode": 400.0, "stats_o/std": 0.03679696470499039, "stats_o/mean": 0.20390239357948303, "test/mean_Q": -8.663911819458008, "epoch": 3}
{"train/success_rate": 0.04699999839067459, "stats_g/mean": 0.856645405292511, "test/success_rate": 0.045000001415610315, "stats_g/std": 0.10758421570062637, "test/episode": 100.0, "train/episode": 500.0, "stats_o/std": 0.03805285692214966, "stats_o/mean": 0.20387700200080872, "test/mean_Q": -10.11262035369873, "epoch": 4}
{"train/success_rate": 0.061000000685453415, "stats_g/mean": 0.8567053079605103, "test/success_rate": 0.08500000163912773, "stats_g/std": 0.1083793193101883, "test/episode": 120.0, "train/episode": 600.0, "stats_o/std": 0.03961912542581558, "stats_o/mean": 0.20397095382213593, "test/mean_Q": -11.168069839477539, "epoch": 5}
{"train/success_rate": 0.07500000298023224, "stats_g/mean": 0.8564001321792603, "test/success_rate": 0.13500000573694707, "stats_g/std": 0.10916285216808319, "test/episode": 140.0, "train/episode": 700.0, "stats_o/std": 0.04107487201690674, "stats_o/mean": 0.2038385570049286, "test/mean_Q": -11.694437026977539, "epoch": 6}
{"train/success_rate": 0.14800000190734863, "stats_g/mean": 0.8563450574874878, "test/success_rate": 0.19500000178813934, "stats_g/std": 0.1098797544836998, "test/episode": 160.0, "train/episode": 800.0, "stats_o/std": 0.042439449578523636, "stats_o/mean": 0.20383372902870178, "test/mean_Q": -12.262142181396484, "epoch": 7}
{"train/success_rate": 0.1730000078678131, "stats_g/mean": 0.8563119769096375, "test/success_rate": 0.24000000953674316, "stats_g/std": 0.1104210615158081, "test/episode": 180.0, "train/episode": 900.0, "stats_o/std": 0.04341469705104828, "stats_o/mean": 0.20381145179271698, "test/mean_Q": -13.022868156433105, "epoch": 8}
{"train/success_rate": 0.22599999606609344, "stats_g/mean": 0.85673588514328, "test/success_rate": 0.30000001192092896, "stats_g/std": 0.11099982261657715, "test/episode": 200.0, "train/episode": 1000.0, "stats_o/std": 0.04425576329231262, "stats_o/mean": 0.20392242074012756, "test/mean_Q": -13.563650131225586, "epoch": 9}
{"train/success_rate": 0.2770000100135803, "stats_g/mean": 0.8567840456962585, "test/success_rate": 0.36000001430511475, "stats_g/std": 0.11091337352991104, "test/episode": 220.0, "train/episode": 1100.0, "stats_o/std": 0.04494171962141991, "stats_o/mean": 0.20397858321666718, "test/mean_Q": -13.342623710632324, "epoch": 10}
{"train/success_rate": 0.2529999911785126, "stats_g/mean": 0.8568559885025024, "test/success_rate": 0.3050000071525574, "stats_g/std": 0.1109795793890953, "test/episode": 240.0, "train/episode": 1200.0, "stats_o/std": 0.04529617354273796, "stats_o/mean": 0.20399503409862518, "test/mean_Q": -14.586280822753906, "epoch": 11}
{"train/success_rate": 0.29099997878074646, "stats_g/mean": 0.856691837310791, "test/success_rate": 0.3400000035762787, "stats_g/std": 0.11106731742620468, "test/episode": 260.0, "train/episode": 1300.0, "stats_o/std": 0.04558050259947777, "stats_o/mean": 0.2039480209350586, "test/mean_Q": -14.607282638549805, "epoch": 12}
{"train/success_rate": 0.34199997782707214, "stats_g/mean": 0.856626033782959, "test/success_rate": 0.4350000023841858, "stats_g/std": 0.11120669543743134, "test/episode": 280.0, "train/episode": 1400.0, "stats_o/std": 0.04589937627315521, "stats_o/mean": 0.20394448935985565, "test/mean_Q": -13.481170654296875, "epoch": 13}
{"train/success_rate": 0.3360000252723694, "stats_g/mean": 0.8562831878662109, "test/success_rate": 0.44999998807907104, "stats_g/std": 0.11128652095794678, "test/episode": 300.0, "train/episode": 1500.0, "stats_o/std": 0.046009983867406845, "stats_o/mean": 0.2038903683423996, "test/mean_Q": -12.885824203491211, "epoch": 14}
{"train/success_rate": 0.33400002121925354, "stats_g/mean": 0.8560522198677063, "test/success_rate": 0.5099999904632568, "stats_g/std": 0.11202140897512436, "test/episode": 320.0, "train/episode": 1600.0, "stats_o/std": 0.04649266228079796, "stats_o/mean": 0.20389147102832794, "test/mean_Q": -12.377967834472656, "epoch": 15}
{"train/success_rate": 0.34200000762939453, "stats_g/mean": 0.8561954498291016, "test/success_rate": 0.4949999749660492, "stats_g/std": 0.11226018518209457, "test/episode": 340.0, "train/episode": 1700.0, "stats_o/std": 0.04688883200287819, "stats_o/mean": 0.203928142786026, "test/mean_Q": -12.288932800292969, "epoch": 16}
{"train/success_rate": 0.33000001311302185, "stats_g/mean": 0.8565952181816101, "test/success_rate": 0.4700000286102295, "stats_g/std": 0.11243607848882675, "test/episode": 360.0, "train/episode": 1800.0, "stats_o/std": 0.04707183688879013, "stats_o/mean": 0.2039734423160553, "test/mean_Q": -13.257326126098633, "epoch": 17}
{"train/success_rate": 0.3779999911785126, "stats_g/mean": 0.8569589853286743, "test/success_rate": 0.4949999749660492, "stats_g/std": 0.11253967136144638, "test/episode": 380.0, "train/episode": 1900.0, "stats_o/std": 0.04721459001302719, "stats_o/mean": 0.20400495827198029, "test/mean_Q": -12.965304374694824, "epoch": 18}
{"train/success_rate": 0.4000000059604645, "stats_g/mean": 0.857297420501709, "test/success_rate": 0.4650000035762787, "stats_g/std": 0.11257936805486679, "test/episode": 400.0, "train/episode": 2000.0, "stats_o/std": 0.04735776409506798, "stats_o/mean": 0.204067200422287, "test/mean_Q": -13.97057056427002, "epoch": 19}
{"train/success_rate": 0.41999998688697815, "stats_g/mean": 0.8574215173721313, "test/success_rate": 0.4699999690055847, "stats_g/std": 0.11240019649267197, "test/episode": 420.0, "train/episode": 2100.0, "stats_o/std": 0.04753058776259422, "stats_o/mean": 0.2041015625, "test/mean_Q": -14.882418632507324, "epoch": 20}
{"train/success_rate": 0.38099998235702515, "stats_g/mean": 0.8575338125228882, "test/success_rate": 0.5300000309944153, "stats_g/std": 0.1124754324555397, "test/episode": 440.0, "train/episode": 2200.0, "stats_o/std": 0.047598946839571, "stats_o/mean": 0.20412907004356384, "test/mean_Q": -14.140993118286133, "epoch": 21}
{"train/success_rate": 0.4130000174045563, "stats_g/mean": 0.8574408292770386, "test/success_rate": 0.5049999952316284, "stats_g/std": 0.11250805854797363, "test/episode": 460.0, "train/episode": 2300.0, "stats_o/std": 0.04762376472353935, "stats_o/mean": 0.2041093409061432, "test/mean_Q": -14.828930854797363, "epoch": 22}
{"train/success_rate": 0.3969999849796295, "stats_g/mean": 0.8574005961418152, "test/success_rate": 0.5099999904632568, "stats_g/std": 0.11276593059301376, "test/episode": 480.0, "train/episode": 2400.0, "stats_o/std": 0.04785033315420151, "stats_o/mean": 0.20410816371440887, "test/mean_Q": -14.78405475616455, "epoch": 23}
{"train/success_rate": 0.38600000739097595, "stats_g/mean": 0.8575142025947571, "test/success_rate": 0.6550000309944153, "stats_g/std": 0.11316394805908203, "test/episode": 500.0, "train/episode": 2500.0,