{"test/mean_Q": -2.924285411834717, "stats_o/std": 0.03741978853940964, "train/episode": 100.0, "train/success_rate": 0.032999999821186066, "epoch": 0, "test/episode": 20.0, "test/success_rate": 0.030000000447034835, "stats_g/std": 0.12231574207544327, "stats_o/mean": 0.20398111641407013, "stats_g/mean": 0.8617475628852844}
{"test/mean_Q": -5.000943183898926, "stats_o/std": 0.03640640527009964, "train/episode": 200.0, "train/success_rate": 0.02500000037252903, "epoch": 1, "test/episode": 40.0, "test/success_rate": 0.02500000074505806, "stats_g/std": 0.12412723153829575, "stats_o/mean": 0.2039170265197754, "stats_g/mean": 0.8624536395072937}
{"test/mean_Q": -6.9934587478637695, "stats_o/std": 0.037532683461904526, "train/episode": 300.0, "train/success_rate": 0.03400000184774399, "epoch": 2, "test/episode": 60.0, "test/success_rate": 0.045000001043081286, "stats_g/std": 0.12378305196762085, "stats_o/mean": 0.2039322555065155, "stats_g/mean": 0.8615384101867676}
{"test/mean_Q": -8.384347915649414, "stats_o/std": 0.0383722297847271, "train/episode": 400.0, "train/success_rate": 0.029999997466802597, "epoch": 3, "test/episode": 80.0, "test/success_rate": 0.0550000011920929, "stats_g/std": 0.1250893920660019, "stats_o/mean": 0.20388074219226837, "stats_g/mean": 0.8614134788513184}
{"test/mean_Q": -9.574407577514648, "stats_o/std": 0.039751093834638596, "train/episode": 500.0, "train/success_rate": 0.050999999046325684, "epoch": 4, "test/episode": 100.0, "test/success_rate": 0.1, "stats_g/std": 0.12632866203784943, "stats_o/mean": 0.20379045605659485, "stats_g/mean": 0.8614805936813354}
{"test/mean_Q": -10.265230178833008, "stats_o/std": 0.040853552520275116, "train/episode": 600.0, "train/success_rate": 0.09000000357627869, "epoch": 5, "test/episode": 120.0, "test/success_rate": 0.18500001728534698, "stats_g/std": 0.12676994502544403, "stats_o/mean": 0.20383501052856445, "stats_g/mean": 0.8613673448562622}
{"test/mean_Q": -10.601890563964844, "stats_o/std": 0.04238048195838928, "train/episode": 700.0, "train/success_rate": 0.10799999535083771, "epoch": 6, "test/episode": 140.0, "test/success_rate": 0.2150000035762787, "stats_g/std": 0.12871262431144714, "stats_o/mean": 0.20364829897880554, "stats_g/mean": 0.8609692454338074}
{"test/mean_Q": -10.65495491027832, "stats_o/std": 0.043700698763132095, "train/episode": 800.0, "train/success_rate": 0.16300000250339508, "epoch": 7, "test/episode": 160.0, "test/success_rate": 0.3100000023841858, "stats_g/std": 0.12915363907814026, "stats_o/mean": 0.20358598232269287, "stats_g/mean": 0.8607309460639954}
{"test/mean_Q": -11.925643920898438, "stats_o/std": 0.044422246515750885, "train/episode": 900.0, "train/success_rate": 0.24300000071525574, "epoch": 8, "test/episode": 180.0, "test/success_rate": 0.2800000309944153, "stats_g/std": 0.128914937376976, "stats_o/mean": 0.20363786816596985, "stats_g/mean": 0.8607956171035767}
{"test/mean_Q": -11.279867172241211, "stats_o/std": 0.04509133845567703, "train/episode": 1000.0, "train/success_rate": 0.2590000033378601, "epoch": 9, "test/episode": 200.0, "test/success_rate": 0.4150000214576721, "stats_g/std": 0.12896670401096344, "stats_o/mean": 0.20373061299324036, "stats_g/mean": 0.8609480857849121}
{"test/mean_Q": -11.677468299865723, "stats_o/std": 0.04530208930373192, "train/episode": 1100.0, "train/success_rate": 0.320000022649765, "epoch": 10, "test/episode": 220.0, "test/success_rate": 0.429999977350235, "stats_g/std": 0.12890435755252838, "stats_o/mean": 0.2037893831729889, "stats_g/mean": 0.8610744476318359}
{"test/mean_Q": -13.544984817504883, "stats_o/std": 0.04550293833017349, "train/episode": 1200.0, "train/success_rate": 0.31700000166893005, "epoch": 11, "test/episode": 240.0, "test/success_rate": 0.37000003457069397, "stats_g/std": 0.1290675699710846, "stats_o/mean": 0.20377084612846375, "stats_g/mean": 0.8610067367553711}
{"test/mean_Q": -13.3953218460083, "stats_o/std": 0.0456460677087307, "train/episode": 1300.0, "train/success_rate": 0.30799999833106995, "epoch": 12, "test/episode": 260.0, "test/success_rate": 0.4350000023841858, "stats_g/std": 0.12927915155887604, "stats_o/mean": 0.2037779837846756, "stats_g/mean": 0.8609735369682312}
{"test/mean_Q": -14.572300910949707, "stats_o/std": 0.04578312858939171, "train/episode": 1400.0, "train/success_rate": 0.328000009059906, "epoch": 13, "test/episode": 280.0, "test/success_rate": 0.41499996185302734, "stats_g/std": 0.12924505770206451, "stats_o/mean": 0.20378199219703674, "stats_g/mean": 0.8610004186630249}
{"test/mean_Q": -13.462124824523926, "stats_o/std": 0.045946814119815826, "train/episode": 1500.0, "train/success_rate": 0.3310000002384186, "epoch": 14, "test/episode": 300.0, "test/success_rate": 0.45499998331069946, "stats_g/std": 0.1293809413909912, "stats_o/mean": 0.20375463366508484, "stats_g/mean": 0.8611057996749878}
{"test/mean_Q": -13.63542652130127, "stats_o/std": 0.0461742989718914, "train/episode": 1600.0, "train/success_rate": 0.35199999809265137, "epoch": 15, "test/episode": 320.0, "test/success_rate": 0.445000022649765, "stats_g/std": 0.12939555943012238, "stats_o/mean": 0.2037978619337082, "stats_g/mean": 0.8612327575683594}
{"test/mean_Q": -13.398401260375977, "stats_o/std": 0.04623670503497124, "train/episode": 1700.0, "train/success_rate": 0.37299999594688416, "epoch": 16, "test/episode": 340.0, "test/success_rate": 0.434999942779541, "stats_g/std": 0.12945815920829773, "stats_o/mean": 0.20381653308868408, "stats_g/mean": 0.8611839413642883}
{"test/mean_Q": -10.530021667480469, "stats_o/std": 0.04626281559467316, "train/episode": 1800.0, "train/success_rate": 0.35899999737739563, "epoch": 17, "test/episode": 360.0, "test/success_rate": 0.5500000715255737, "stats_g/std": 0.12975655496120453, "stats_o/mean": 0.20384542644023895, "stats_g/mean": 0.8613079190254211}
{"test/mean_Q": -12.783652305603027, "stats_o/std": 0.04630931466817856, "train/episode": 1900.0, "train/success_rate": 0.36000001430511475, "epoch": 18, "test/episode": 380.0, "test/success_rate": 0.5, "stats_g/std": 0.1300051212310791, "stats_o/mean": 0.20381179451942444, "stats_g/mean": 0.8613958358764648}
{"test/mean_Q": -12.935981750488281, "stats_o/std": 0.04628296196460724, "train/episode": 2000.0, "train/success_rate": 0.3779999911785126, "epoch": 19, "test/episode": 400.0, "test/success_rate": 0.5049999952316284, "stats_g/std": 0.12992385029792786, "stats_o/mean": 0.2037707269191742, "stats_g/mean": 0.8613177537918091}
{"test/mean_Q": -14.492584228515625, "stats_o/std": 0.046180400997400284, "train/episode": 2100.0, "train/success_rate": 0.39499998092651367, "epoch": 20, "test/episode": 420.0, "test/success_rate": 0.48000001907348633, "stats_g/std": 0.12977050244808197, "stats_o/mean": 0.20378169417381287, "stats_g/mean": 0.861275315284729}
{"test/mean_Q": -13.399861335754395, "stats_o/std": 0.0462033711373806, "train/episode": 2200.0, "train/success_rate": 0.4189999997615814, "epoch": 21, "test/episode": 440.0, "test/success_rate": 0.5149999856948853, "stats_g/std": 0.12976433336734772, "stats_o/mean": 0.20372553169727325, "stats_g/mean": 0.8610016703605652}
{"test/mean_Q": -13.640144348144531, "stats_o/std": 0.04620666056871414, "train/episode": 2300.0, "train/success_rate": 0.41200000047683716, "epoch": 22, "test/episode": 460.0, "test/success_rate": 0.5550000071525574, "stats_g/std": 0.12975026667118073, "stats_o/mean": 0.20368985831737518, "stats_g/mean": 0.8608123064041138}
{"test/mean_Q": -12.258509635925293, "stats_o/std": 0.04617903754115105, "train/episode": 2400.0, "train/success_rate": 0.421999990940094, "epoch": 23, "test/episode": 480.0, "test/success_rate": 0.6299999952316284, "stats_g/std": 0.12971796095371246, "stats_o/mean": 0.2036546915769577, "stats_g/mean": 0.8607220649719238}
{"test/mean_Q": -14.274751663208008, "stats_o/std": 0.04622197151184082, "train/episode": 2500.0, "train/success_rate": 0.4020000100135803, "epoch": 24, "test/episode": 500.0, "test/success_rate": 0.574999988079071,