{"train/success_rate": 0.027999998815357686, "stats_g/std": 0.11559174954891205, "test/success_rate": 0.020000000298023225, "epoch": 0, "stats_g/mean": 0.8604444265365601, "train/episode": 100.0, "stats_o/std": 0.03609729930758476, "test/mean_Q": -2.971205234527588, "stats_o/mean": 0.2040793001651764, "test/episode": 20.0}
{"train/success_rate": 0.03199999779462814, "stats_g/std": 0.11384612321853638, "test/success_rate": 0.020000000298023225, "epoch": 1, "stats_g/mean": 0.8600457906723022, "train/episode": 200.0, "stats_o/std": 0.03638797253370285, "test/mean_Q": -5.10860538482666, "stats_o/mean": 0.20417280495166779, "test/episode": 40.0}
{"train/success_rate": 0.025999998673796654, "stats_g/std": 0.11455647647380829, "test/success_rate": 0.02500000037252903, "epoch": 2, "stats_g/mean": 0.8596242666244507, "train/episode": 300.0, "stats_o/std": 0.03708701580762863, "test/mean_Q": -6.8712029457092285, "stats_o/mean": 0.2040288895368576, "test/episode": 60.0}
{"train/success_rate": 0.049000002443790436, "stats_g/std": 0.11548783630132675, "test/success_rate": 0.02500000074505806, "epoch": 3, "stats_g/mean": 0.8598495721817017, "train/episode": 400.0, "stats_o/std": 0.03780123591423035, "test/mean_Q": -8.548556327819824, "stats_o/mean": 0.20399701595306396, "test/episode": 80.0}
{"train/success_rate": 0.059999994933605194, "stats_g/std": 0.1168518215417862, "test/success_rate": 0.0750000037252903, "epoch": 4, "stats_g/mean": 0.8593517541885376, "train/episode": 500.0, "stats_o/std": 0.0388089120388031, "test/mean_Q": -9.902320861816406, "stats_o/mean": 0.20392784476280212, "test/episode": 100.0}
{"train/success_rate": 0.08100000023841858, "stats_g/std": 0.1190427914261818, "test/success_rate": 0.11499999463558197, "epoch": 5, "stats_g/mean": 0.8591876029968262, "train/episode": 600.0, "stats_o/std": 0.04053090885281563, "test/mean_Q": -10.525697708129883, "stats_o/mean": 0.203872948884964, "test/episode": 120.0}
{"train/success_rate": 0.09600000083446503, "stats_g/std": 0.11913105100393295, "test/success_rate": 0.19500000774860382, "epoch": 6, "stats_g/mean": 0.8596199154853821, "train/episode": 700.0, "stats_o/std": 0.041624460369348526, "test/mean_Q": -11.324792861938477, "stats_o/mean": 0.20397226512432098, "test/episode": 140.0}
{"train/success_rate": 0.17800000309944153, "stats_g/std": 0.11908439546823502, "test/success_rate": 0.2800000309944153, "epoch": 7, "stats_g/mean": 0.8596706390380859, "train/episode": 800.0, "stats_o/std": 0.04238501191139221, "test/mean_Q": -10.701278686523438, "stats_o/mean": 0.20406512916088104, "test/episode": 160.0}
{"train/success_rate": 0.22300000488758087, "stats_g/std": 0.11923716962337494, "test/success_rate": 0.3800000250339508, "epoch": 8, "stats_g/mean": 0.859778106212616, "train/episode": 900.0, "stats_o/std": 0.042987171560525894, "test/mean_Q": -10.900433540344238, "stats_o/mean": 0.20414535701274872, "test/episode": 180.0}
{"train/success_rate": 0.26499998569488525, "stats_g/std": 0.11920098215341568, "test/success_rate": 0.36500000953674316, "epoch": 9, "stats_g/mean": 0.8597341775894165, "train/episode": 1000.0, "stats_o/std": 0.04338767006993294, "test/mean_Q": -12.275938987731934, "stats_o/mean": 0.20409813523292542, "test/episode": 200.0}
{"train/success_rate": 0.30100002884864807, "stats_g/std": 0.11902035772800446, "test/success_rate": 0.3149999976158142, "epoch": 10, "stats_g/mean": 0.8596218228340149, "train/episode": 1100.0, "stats_o/std": 0.04395728558301926, "test/mean_Q": -13.746414184570312, "stats_o/mean": 0.20408889651298523, "test/episode": 220.0}
{"train/success_rate": 0.30100002884864807, "stats_g/std": 0.1190897598862648, "test/success_rate": 0.48499998450279236, "epoch": 11, "stats_g/mean": 0.8595932722091675, "train/episode": 1200.0, "stats_o/std": 0.04440568387508392, "test/mean_Q": -11.425518035888672, "stats_o/mean": 0.20407649874687195, "test/episode": 240.0}
{"train/success_rate": 0.3230000138282776, "stats_g/std": 0.11928585916757584, "test/success_rate": 0.4650000035762787, "epoch": 12, "stats_g/mean": 0.8594807386398315, "train/episode": 1300.0, "stats_o/std": 0.045087672770023346, "test/mean_Q": -12.636709213256836, "stats_o/mean": 0.20406904816627502, "test/episode": 260.0}
{"train/success_rate": 0.32899999618530273, "stats_g/std": 0.11958509683609009, "test/success_rate": 0.38999998569488525, "epoch": 13, "stats_g/mean": 0.8596032857894897, "train/episode": 1400.0, "stats_o/std": 0.04548807442188263, "test/mean_Q": -14.769989013671875, "stats_o/mean": 0.20406553149223328, "test/episode": 280.0}
{"train/success_rate": 0.3610000014305115, "stats_g/std": 0.11950619518756866, "test/success_rate": 0.3800000250339508, "epoch": 14, "stats_g/mean": 0.8595677614212036, "train/episode": 1500.0, "stats_o/std": 0.04580388590693474, "test/mean_Q": -14.488180160522461, "stats_o/mean": 0.20407286286354065, "test/episode": 300.0}
{"train/success_rate": 0.3709999918937683, "stats_g/std": 0.11973579972982407, "test/success_rate": 0.4700000286102295, "epoch": 15, "stats_g/mean": 0.8594462275505066, "train/episode": 1600.0, "stats_o/std": 0.04615957289934158, "test/mean_Q": -11.704346656799316, "stats_o/mean": 0.2040615975856781, "test/episode": 320.0}
{"train/success_rate": 0.3669999837875366, "stats_g/std": 0.11989185959100723, "test/success_rate": 0.5249999761581421, "epoch": 16, "stats_g/mean": 0.8596175312995911, "train/episode": 1700.0, "stats_o/std": 0.046264633536338806, "test/mean_Q": -12.34005355834961, "stats_o/mean": 0.20406489074230194, "test/episode": 340.0}
{"train/success_rate": 0.40699997544288635, "stats_g/std": 0.11982260644435883, "test/success_rate": 0.4999999403953552, "epoch": 17, "stats_g/mean": 0.859722912311554, "train/episode": 1800.0, "stats_o/std": 0.04625657573342323, "test/mean_Q": -13.641069412231445, "stats_o/mean": 0.2040841281414032, "test/episode": 360.0}
{"train/success_rate": 0.3889999985694885, "stats_g/std": 0.11968547105789185, "test/success_rate": 0.5449999570846558, "epoch": 18, "stats_g/mean": 0.8596317172050476, "train/episode": 1900.0, "stats_o/std": 0.04632648453116417, "test/mean_Q": -13.90559196472168, "stats_o/mean": 0.20406600832939148, "test/episode": 380.0}
{"train/success_rate": 0.39399999380111694, "stats_g/std": 0.11977425962686539, "test/success_rate": 0.4899999499320984, "epoch": 19, "stats_g/mean": 0.8596197366714478, "train/episode": 2000.0, "stats_o/std": 0.046383801847696304, "test/mean_Q": -15.485730171203613, "stats_o/mean": 0.20404937863349915, "test/episode": 400.0}
{"train/success_rate": 0.38099998235702515, "stats_g/std": 0.11978062242269516, "test/success_rate": 0.5600000023841858, "epoch": 20, "stats_g/mean": 0.8596779108047485, "train/episode": 2100.0, "stats_o/std": 0.046385034918785095, "test/mean_Q": -13.652841567993164, "stats_o/mean": 0.2040540874004364, "test/episode": 420.0}
{"train/success_rate": 0.42500001192092896, "stats_g/std": 0.1196378618478775, "test/success_rate": 0.5899999737739563, "epoch": 21, "stats_g/mean": 0.8595995903015137, "train/episode": 2200.0, "stats_o/std": 0.046381354331970215, "test/mean_Q": -13.634668350219727, "stats_o/mean": 0.20403949916362762, "test/episode": 440.0}
{"train/success_rate": 0.4020000100135803, "stats_g/std": 0.1195482611656189, "test/success_rate": 0.550000011920929, "epoch": 22, "stats_g/mean": 0.8596938848495483, "train/episode": 2300.0, "stats_o/std": 0.0463496595621109, "test/mean_Q": -14.7862548828125, "stats_o/mean": 0.20405641198158264, "test/episode": 460.0}
{"train/success_rate": 0.40700000524520874, "stats_g/std": 0.11949505656957626, "test/success_rate": 0.5450000166893005, "epoch": 23, "stats_g/mean": 0.8596526980400085, "train/episode": 2400.0, "stats_o/std": 0.0463666170835495, "test/mean_Q": -14.264982223510742, "stats_o/mean": 0.20405736565589905, "test/episode": 480.0}
{"train/success_rate": 0.4039999842643738, "stats_g/std": 0.1195865124464035, "test/success_rate": 0.5449999570846558, "epoch": 24, "stats_g/mean": 0.8596510887145996,