{"epoch": 0, "test/success_rate": 0.04000000059604645, "stats_g/std": 0.1331174671649933, "train/success_rate": 0.01899999976158142, "stats_g/mean": 0.8604477047920227, "test/mean_Q": -2.8561999797821045, "stats_o/mean": 0.2037356197834015, "test/episode": 20.0, "stats_o/std": 0.03726987540721893, "train/episode": 100.0}
{"epoch": 1, "test/success_rate": 0.035000001266598704, "stats_g/std": 0.13068808615207672, "train/success_rate": 0.02299999911338091, "stats_g/mean": 0.8586764335632324, "test/mean_Q": -4.818463325500488, "stats_o/mean": 0.2034991979598999, "test/episode": 40.0, "stats_o/std": 0.03651837259531021, "train/episode": 200.0}
{"epoch": 2, "test/success_rate": 0.02500000037252903, "stats_g/std": 0.13133160769939423, "train/success_rate": 0.023999999463558196, "stats_g/mean": 0.8591253161430359, "test/mean_Q": -6.797445774078369, "stats_o/mean": 0.20358023047447205, "test/episode": 60.0, "stats_o/std": 0.0363580547273159, "train/episode": 300.0}
{"epoch": 3, "test/success_rate": 0.020000000298023225, "stats_g/std": 0.13167424499988556, "train/success_rate": 0.018999999016523363, "stats_g/mean": 0.8584495782852173, "test/mean_Q": -8.822955131530762, "stats_o/mean": 0.2034585028886795, "test/episode": 80.0, "stats_o/std": 0.036578964442014694, "train/episode": 400.0}
{"epoch": 4, "test/success_rate": 0.02500000037252903, "stats_g/std": 0.13162529468536377, "train/success_rate": 0.01899999938905239, "stats_g/mean": 0.8586952090263367, "test/mean_Q": -10.5186185836792, "stats_o/mean": 0.2035546600818634, "test/episode": 100.0, "stats_o/std": 0.03654459863901138, "train/episode": 500.0}
{"epoch": 5, "test/success_rate": 0.03500000052154064, "stats_g/std": 0.13194693624973297, "train/success_rate": 0.036000002175569534, "stats_g/mean": 0.858925998210907, "test/mean_Q": -12.053075790405273, "stats_o/mean": 0.20361432433128357, "test/episode": 120.0, "stats_o/std": 0.03685193881392479, "train/episode": 600.0}
{"epoch": 6, "test/success_rate": 0.02500000074505806, "stats_g/std": 0.13202914595603943, "train/success_rate": 0.03199999779462814, "stats_g/mean": 0.8590849041938782, "test/mean_Q": -13.85661506652832, "stats_o/mean": 0.20366430282592773, "test/episode": 140.0, "stats_o/std": 0.03744473308324814, "train/episode": 700.0}
{"epoch": 7, "test/success_rate": 0.04000000096857548, "stats_g/std": 0.13229882717132568, "train/success_rate": 0.03700000047683716, "stats_g/mean": 0.8592218160629272, "test/mean_Q": -14.959307670593262, "stats_o/mean": 0.20367853343486786, "test/episode": 160.0, "stats_o/std": 0.03792300820350647, "train/episode": 800.0}
{"epoch": 8, "test/success_rate": 0.055000001564621925, "stats_g/std": 0.1326627880334854, "train/success_rate": 0.042000001296401024, "stats_g/mean": 0.8594180345535278, "test/mean_Q": -16.106101989746094, "stats_o/mean": 0.20375685393810272, "test/episode": 180.0, "stats_o/std": 0.03854062035679817, "train/episode": 900.0}
{"epoch": 9, "test/success_rate": 0.035000001266598704, "stats_g/std": 0.13324154913425446, "train/success_rate": 0.05299999564886093, "stats_g/mean": 0.8596701622009277, "test/mean_Q": -17.908926010131836, "stats_o/mean": 0.20381002128124237, "test/episode": 200.0, "stats_o/std": 0.03930225968360901, "train/episode": 1000.0}
{"epoch": 10, "test/success_rate": 0.040000001341104506, "stats_g/std": 0.13337357342243195, "train/success_rate": 0.05499999597668648, "stats_g/mean": 0.8600993156433105, "test/mean_Q": -18.59560203552246, "stats_o/mean": 0.20392970740795135, "test/episode": 220.0, "stats_o/std": 0.04016323387622833, "train/episode": 1100.0}
{"epoch": 11, "test/success_rate": 0.09499999769032001, "stats_g/std": 0.13363111019134521, "train/success_rate": 0.06699999421834946, "stats_g/mean": 0.8599282503128052, "test/mean_Q": -16.766239166259766, "stats_o/mean": 0.20392978191375732, "test/episode": 240.0, "stats_o/std": 0.041919413954019547, "train/episode": 1200.0}
{"epoch": 12, "test/success_rate": 0.13500000536441803, "stats_g/std": 0.13408999145030975, "train/success_rate": 0.10199999809265137, "stats_g/mean": 0.8599799871444702, "test/mean_Q": -17.107973098754883, "stats_o/mean": 0.2039480209350586, "test/episode": 260.0, "stats_o/std": 0.043067846447229385, "train/episode": 1300.0}
{"epoch": 13, "test/success_rate": 0.23000001907348633, "stats_g/std": 0.13437899947166443, "train/success_rate": 0.1419999897480011, "stats_g/mean": 0.8595306277275085, "test/mean_Q": -17.319231033325195, "stats_o/mean": 0.20388035476207733, "test/episode": 280.0, "stats_o/std": 0.043950099498033524, "train/episode": 1400.0}
{"epoch": 14, "test/success_rate": 0.20000000298023224, "stats_g/std": 0.1344001740217209, "train/success_rate": 0.1849999874830246, "stats_g/mean": 0.8592023849487305, "test/mean_Q": -19.285205841064453, "stats_o/mean": 0.20382460951805115, "test/episode": 300.0, "stats_o/std": 0.04457060247659683, "train/episode": 1500.0}
{"epoch": 15, "test/success_rate": 0.2750000059604645, "stats_g/std": 0.13428844511508942, "train/success_rate": 0.21300001442432404, "stats_g/mean": 0.8590337634086609, "test/mean_Q": -18.05501365661621, "stats_o/mean": 0.2038174867630005, "test/episode": 320.0, "stats_o/std": 0.045037608593702316, "train/episode": 1600.0}
{"epoch": 16, "test/success_rate": 0.30000001192092896, "stats_g/std": 0.1342318207025528, "train/success_rate": 0.22300000488758087, "stats_g/mean": 0.8588797450065613, "test/mean_Q": -18.60928726196289, "stats_o/mean": 0.2038051187992096, "test/episode": 340.0, "stats_o/std": 0.04541122913360596, "train/episode": 1700.0}
{"epoch": 17, "test/success_rate": 0.3400000035762787, "stats_g/std": 0.1343143731355667, "train/success_rate": 0.25599998235702515, "stats_g/mean": 0.8588600158691406, "test/mean_Q": -18.08342170715332, "stats_o/mean": 0.20384792983531952, "test/episode": 360.0, "stats_o/std": 0.0457749180495739, "train/episode": 1800.0}
{"epoch": 18, "test/success_rate": 0.35499998927116394, "stats_g/std": 0.13456374406814575, "train/success_rate": 0.30799999833106995, "stats_g/mean": 0.8587595224380493, "test/mean_Q": -18.073253631591797, "stats_o/mean": 0.2038499414920807, "test/episode": 380.0, "stats_o/std": 0.046131979674100876, "train/episode": 1900.0}
{"epoch": 19, "test/success_rate": 0.375, "stats_g/std": 0.13499055802822113, "train/success_rate": 0.28700003027915955, "stats_g/mean": 0.8587733507156372, "test/mean_Q": -17.990325927734375, "stats_o/mean": 0.20387312769889832, "test/episode": 400.0, "stats_o/std": 0.04646768048405647, "train/episode": 2000.0}
{"epoch": 20, "test/success_rate": 0.4099999964237213, "stats_g/std": 0.1349872350692749, "train/success_rate": 0.32100000977516174, "stats_g/mean": 0.8588732481002808, "test/mean_Q": -17.281545639038086, "stats_o/mean": 0.20391793549060822, "test/episode": 420.0, "stats_o/std": 0.04685357213020325, "train/episode": 2100.0}
{"epoch": 21, "test/success_rate": 0.41999998688697815, "stats_g/std": 0.13492633402347565, "train/success_rate": 0.3400000035762787, "stats_g/mean": 0.8588241338729858, "test/mean_Q": -17.704418182373047, "stats_o/mean": 0.20390549302101135, "test/episode": 440.0, "stats_o/std": 0.04719623550772667, "train/episode": 2200.0}
{"epoch": 22, "test/success_rate": 0.4350000321865082, "stats_g/std": 0.13487185537815094, "train/success_rate": 0.35499998927116394, "stats_g/mean": 0.8589088320732117, "test/mean_Q": -17.154205322265625, "stats_o/mean": 0.20391497015953064, "test/episode": 460.0, "stats_o/std": 0.04740970954298973, "train/episode": 2300.0}
{"epoch": 23, "test/success_rate": 0.41999998688697815, "stats_g/std": 0.13473539054393768, "train/success_rate": 0.35100001096725464, "stats_g/mean": 0.8589364886283875, "test/mean_Q": -17.918102264404297, "stats_o/mean": 0.2039329558610916, "test/episode": 480.0, "stats_o/std": 0.047674328088760376, "train/episode": 2400.0}
{"epoch": 24, "test/success_rate": 0.38499999046325684, "stats_g/std": 0.134913370013237, "train/success_rate": 0.35499998927116394, "stats_g/mean": 0.8589690327644348,