{"stats_o/std": 0.05841558426618576, "stats_o/mean": 0.20370686054229736, "epoch": 0, "stats_g/mean": 0.8816197514533997, "train/episode": 100.0, "stats_g/std": 0.12767142057418823, "test/success_rate": 0.0, "train/success_rate": 0.0, "test/episode": 20.0, "test/mean_Q": -3.169738292694092}
{"stats_o/std": 0.0648701936006546, "stats_o/mean": 0.20392031967639923, "epoch": 1, "stats_g/mean": 0.881888210773468, "train/episode": 200.0, "stats_g/std": 0.1313648521900177, "test/success_rate": 0.0, "train/success_rate": 0.0, "test/episode": 40.0, "test/mean_Q": -5.365889072418213}
{"stats_o/std": 0.06534076482057571, "stats_o/mean": 0.20396313071250916, "epoch": 2, "stats_g/mean": 0.8818961977958679, "train/episode": 300.0, "stats_g/std": 0.13111014664173126, "test/success_rate": 0.0, "train/success_rate": 0.0, "test/episode": 60.0, "test/mean_Q": -7.552926063537598}
{"stats_o/std": 0.0669136494398117, "stats_o/mean": 0.20420286059379578, "epoch": 3, "stats_g/mean": 0.882422149181366, "train/episode": 400.0, "stats_g/std": 0.13157980144023895, "test/success_rate": 0.0, "train/success_rate": 0.0, "test/episode": 80.0, "test/mean_Q": -9.68803596496582}
{"stats_o/std": 0.07033289223909378, "stats_o/mean": 0.20409634709358215, "epoch": 4, "stats_g/mean": 0.8823536038398743, "train/episode": 500.0, "stats_g/std": 0.13205070793628693, "test/success_rate": 0.0, "train/success_rate": 0.0, "test/episode": 100.0, "test/mean_Q": -11.890658378601074}
{"stats_o/std": 0.07123736292123795, "stats_o/mean": 0.20392613112926483, "epoch": 5, "stats_g/mean": 0.8819985389709473, "train/episode": 600.0, "stats_g/std": 0.13280536234378815, "test/success_rate": 0.0, "train/success_rate": 0.0, "test/episode": 120.0, "test/mean_Q": -13.960871696472168}
{"stats_o/std": 0.07212168723344803, "stats_o/mean": 0.20404335856437683, "epoch": 6, "stats_g/mean": 0.8819899559020996, "train/episode": 700.0, "stats_g/std": 0.13338793814182281, "test/success_rate": 0.0, "train/success_rate": 0.0, "test/episode": 140.0, "test/mean_Q": -16.05278968811035}
{"stats_o/std": 0.07218568027019501, "stats_o/mean": 0.20409032702445984, "epoch": 7, "stats_g/mean": 0.8821013569831848, "train/episode": 800.0, "stats_g/std": 0.1333622932434082, "test/success_rate": 0.0, "train/success_rate": 0.0, "test/episode": 160.0, "test/mean_Q": -18.07736587524414}
{"stats_o/std": 0.07267168164253235, "stats_o/mean": 0.204020693898201, "epoch": 8, "stats_g/mean": 0.8819015622138977, "train/episode": 900.0, "stats_g/std": 0.1333686262369156, "test/success_rate": 0.0, "train/success_rate": 0.0, "test/episode": 180.0, "test/mean_Q": -20.062345504760742}
{"stats_o/std": 0.0730241984128952, "stats_o/mean": 0.20402105152606964, "epoch": 9, "stats_g/mean": 0.8819366693496704, "train/episode": 1000.0, "stats_g/std": 0.13354696333408356, "test/success_rate": 0.0, "train/success_rate": 0.0, "test/episode": 200.0, "test/mean_Q": -22.038251876831055}
{"stats_o/std": 0.07356442511081696, "stats_o/mean": 0.20408380031585693, "epoch": 10, "stats_g/mean": 0.8820816278457642, "train/episode": 1100.0, "stats_g/std": 0.13403873145580292, "test/success_rate": 0.0, "train/success_rate": 0.0, "test/episode": 220.0, "test/mean_Q": -23.88519287109375}
{"stats_o/std": 0.07433962821960449, "stats_o/mean": 0.2040146291255951, "epoch": 11, "stats_g/mean": 0.8819729685783386, "train/episode": 1200.0, "stats_g/std": 0.13484178483486176, "test/success_rate": 0.0, "train/success_rate": 0.0, "test/episode": 240.0, "test/mean_Q": -25.730987548828125}
{"stats_o/std": 0.0749971941113472, "stats_o/mean": 0.20400504767894745, "epoch": 12, "stats_g/mean": 0.8817989230155945, "train/episode": 1300.0, "stats_g/std": 0.13499751687049866, "test/success_rate": 0.0, "train/success_rate": 0.0, "test/episode": 260.0, "test/mean_Q": -27.563919067382812}
{"stats_o/std": 0.07526858896017075, "stats_o/mean": 0.2039625197649002, "epoch": 13, "stats_g/mean": 0.8817340135574341, "train/episode": 1400.0, "stats_g/std": 0.13513456284999847, "test/success_rate": 0.0, "train/success_rate": 0.0, "test/episode": 280.0, "test/mean_Q": -29.313928604125977}
