{"test/success_rate": 0.0, "train/success_rate": 0.03999999910593033, "train/episode": 50.0, "stats_o/std": 0.07455131411552429, "test/episode": 10.0, "stats_g/std": 0.10161346942186356, "epoch": 0, "stats_g/mean": 0.8454193472862244, "test/mean_Q": -22.479751586914062, "stats_o/mean": 0.20417270064353943}
{"test/success_rate": 0.0, "train/success_rate": 0.03999999910593033, "train/episode": 100.0, "stats_o/std": 0.07476337254047394, "test/episode": 20.0, "stats_g/std": 0.10137540102005005, "epoch": 1, "stats_g/mean": 0.8457477688789368, "test/mean_Q": -23.656700134277344, "stats_o/mean": 0.20426157116889954}
{"test/success_rate": 0.0, "train/success_rate": 0.07999999821186066, "train/episode": 150.0, "stats_o/std": 0.07696846127510071, "test/episode": 30.0, "stats_g/std": 0.10227449983358383, "epoch": 2, "stats_g/mean": 0.8457320332527161, "test/mean_Q": -24.93912696838379, "stats_o/mean": 0.2038377821445465}
{"test/success_rate": 0.0, "train/success_rate": 0.03999999910593033, "train/episode": 200.0, "stats_o/std": 0.07679062336683273, "test/episode": 40.0, "stats_g/std": 0.10193139314651489, "epoch": 3, "stats_g/mean": 0.8455983996391296, "test/mean_Q": -16.90856170654297, "stats_o/mean": 0.20377393066883087}
{"test/success_rate": 0.0, "train/success_rate": 0.03999999910593033, "train/episode": 250.0, "stats_o/std": 0.07731256633996964, "test/episode": 50.0, "stats_g/std": 0.10170299559831619, "epoch": 4, "stats_g/mean": 0.8459154963493347, "test/mean_Q": -20.407413482666016, "stats_o/mean": 0.20372144877910614}
{"test/success_rate": 0.20000000298023224, "train/success_rate": 0.03999999910593033, "train/episode": 300.0, "stats_o/std": 0.07814686745405197, "test/episode": 60.0, "stats_g/std": 0.1014665961265564, "epoch": 5, "stats_g/mean": 0.8457031846046448, "test/mean_Q": -16.883743286132812, "stats_o/mean": 0.2036726027727127}
{"test/success_rate": 0.0, "train/success_rate": 0.03999999910593033, "train/episode": 350.0, "stats_o/std": 0.07872727513313293, "test/episode": 70.0, "stats_g/std": 0.10116776078939438, "epoch": 6, "stats_g/mean": 0.8458321690559387, "test/mean_Q": -19.80895233154297, "stats_o/mean": 0.20376111567020416}
{"test/success_rate": 0.0, "train/success_rate": 0.03999999910593033, "train/episode": 400.0, "stats_o/std": 0.0792962908744812, "test/episode": 80.0, "stats_g/std": 0.10215339064598083, "epoch": 7, "stats_g/mean": 0.8457044959068298, "test/mean_Q": -26.999813079833984, "stats_o/mean": 0.20380334556102753}
{"test/success_rate": 0.0, "train/success_rate": 0.03999999910593033, "train/episode": 450.0, "stats_o/std": 0.07942051440477371, "test/episode": 90.0, "stats_g/std": 0.10232125967741013, "epoch": 8, "stats_g/mean": 0.8456197381019592, "test/mean_Q": -23.969247817993164, "stats_o/mean": 0.20383505523204803}
{"test/success_rate": 0.0, "train/success_rate": 0.019999999552965164, "train/episode": 500.0, "stats_o/std": 0.08080887049436569, "test/episode": 100.0, "stats_g/std": 0.1031963899731636, "epoch": 9, "stats_g/mean": 0.845690906047821, "test/mean_Q": -28.998729705810547, "stats_o/mean": 0.20397940278053284}
{"test/success_rate": 0.0, "train/success_rate": 0.019999999552965164, "train/episode": 550.0, "stats_o/std": 0.08122584223747253, "test/episode": 110.0, "stats_g/std": 0.10356558114290237, "epoch": 10, "stats_g/mean": 0.8458282351493835, "test/mean_Q": -23.620811462402344, "stats_o/mean": 0.2040577381849289}
{"test/success_rate": 0.0, "train/success_rate": 0.019999999552965164, "train/episode": 600.0, "stats_o/std": 0.08198897540569305, "test/episode": 120.0, "stats_g/std": 0.10391772538423538, "epoch": 11, "stats_g/mean": 0.8459188938140869, "test/mean_Q": -23.00405502319336, "stats_o/mean": 0.20405039191246033}
{"test/success_rate": 0.10000000149011612, "train/success_rate": 0.05999999865889549, "train/episode": 650.0, "stats_o/std": 0.08184576034545898, "test/episode": 130.0, "stats_g/std": 0.1037265732884407, "epoch": 12, "stats_g/mean": 0.846061646938324, "test/mean_Q": -24.96796226501465, "stats_o/mean": 0.20407071709632874}
{"test/success_rate": 0.0, "train/success_rate": 0.03999999910593033, "train/episode": 700.0, "stats_o/std": 0.08258651942014694, "test/episode": 140.0, "stats_g/std": 0.1035313829779625, "epoch": 13, "stats_g/mean": 0.8463290333747864, "test/mean_Q": -18.04445457458496, "stats_o/mean": 0.20398607850074768}
{"test/success_rate": 0.20000000298023224, "train/success_rate": 0.019999999552965164, "train/episode": 750.0, "stats_o/std": 0.08272257447242737, "test/episode": 150.0, "stats_g/std": 0.10366404801607132, "epoch": 14, "stats_g/mean": 0.8461153507232666, "test/mean_Q": -23.000675201416016, "stats_o/mean": 0.20406928658485413}
{"test/success_rate": 0.0, "train/success_rate": 0.07999999821186066, "train/episode": 800.0, "stats_o/std": 0.08266837894916534, "test/episode": 160.0, "stats_g/std": 0.10377170890569687, "epoch": 15, "stats_g/mean": 0.8463484644889832, "test/mean_Q": -24.8435115814209, "stats_o/mean": 0.20413298904895782}
{"test/success_rate": 0.0, "train/success_rate": 0.03999999910593033, "train/episode": 850.0, "stats_o/std": 0.08294083923101425, "test/episode": 170.0, "stats_g/std": 0.1038132905960083, "epoch": 16, "stats_g/mean": 0.8461241126060486, "test/mean_Q": -20.793682098388672, "stats_o/mean": 0.20420148968696594}
{"test/success_rate": 0.10000000149011612, "train/success_rate": 0.03999999910593033, "train/episode": 900.0, "stats_o/std": 0.08380217850208282, "test/episode": 180.0, "stats_g/std": 0.10402154922485352, "epoch": 17, "stats_g/mean": 0.8459732532501221, "test/mean_Q": -20.12669563293457, "stats_o/mean": 0.20412467420101166}
{"test/success_rate": 0.0, "train/success_rate": 0.07999999821186066, "train/episode": 950.0, "stats_o/std": 0.08456946164369583, "test/episode": 190.0, "stats_g/std": 0.1047489121556282, "epoch": 18, "stats_g/mean": 0.8458402752876282, "test/mean_Q": -21.343204498291016, "stats_o/mean": 0.20412136614322662}
{"test/success_rate": 0.0, "train/success_rate": 0.05999999865889549, "train/episode": 1000.0, "stats_o/std": 0.0853571891784668, "test/episode": 200.0, "stats_g/std": 0.1044800877571106, "epoch": 19, "stats_g/mean": 0.846017062664032, "test/mean_Q": -23.70939064025879, "stats_o/mean": 0.2042965292930603}
