{"test/episode": 10.0, "stats_g/mean": 0.8557085990905762, "epoch": 0, "train/episode": 50.0, "stats_o/std": 0.03392752632498741, "stats_g/std": 0.09925800561904907, "train/success_rate": 0.03399999924004078, "test/mean_Q": -2.7311606407165527, "test/success_rate": 0.05000000074505806, "stats_o/mean": 0.20454809069633484}
{"test/episode": 20.0, "stats_g/mean": 0.8546484112739563, "epoch": 1, "train/episode": 100.0, "stats_o/std": 0.03363099321722984, "stats_g/std": 0.09874775260686874, "train/success_rate": 0.023999999463558196, "test/mean_Q": -4.905155181884766, "test/success_rate": 0.020000000298023225, "stats_o/mean": 0.2041643112897873}
{"test/episode": 30.0, "stats_g/mean": 0.8546935319900513, "epoch": 2, "train/episode": 150.0, "stats_o/std": 0.03363220393657684, "stats_g/std": 0.09875684231519699, "train/success_rate": 0.03400000035762787, "test/mean_Q": -6.644597053527832, "test/success_rate": 0.05000000074505806, "stats_o/mean": 0.20411673188209534}
{"test/episode": 40.0, "stats_g/mean": 0.8545764684677124, "epoch": 3, "train/episode": 200.0, "stats_o/std": 0.03356550633907318, "stats_g/std": 0.09808323532342911, "train/success_rate": 0.031999998912215236, "test/mean_Q": -8.483601570129395, "test/success_rate": 0.04000000059604645, "stats_o/mean": 0.20419363677501678}
{"test/episode": 50.0, "stats_g/mean": 0.8545153737068176, "epoch": 4, "train/episode": 250.0, "stats_o/std": 0.03366416320204735, "stats_g/std": 0.09851109981536865, "train/success_rate": 0.017999999597668646, "test/mean_Q": -10.322195053100586, "test/success_rate": 0.0, "stats_o/mean": 0.20412519574165344}
{"test/episode": 60.0, "stats_g/mean": 0.8542978167533875, "epoch": 5, "train/episode": 300.0, "stats_o/std": 0.033787816762924194, "stats_g/std": 0.09859717637300491, "train/success_rate": 0.0519999984651804, "test/mean_Q": -10.900605201721191, "test/success_rate": 0.10000000223517418, "stats_o/mean": 0.20409038662910461}
{"test/episode": 70.0, "stats_g/mean": 0.854335606098175, "epoch": 6, "train/episode": 350.0, "stats_o/std": 0.03403671085834503, "stats_g/std": 0.09892973303794861, "train/success_rate": 0.04599999636411667, "test/mean_Q": -12.430578231811523, "test/success_rate": 0.08000000193715096, "stats_o/mean": 0.20410796999931335}
{"test/episode": 80.0, "stats_g/mean": 0.854228138923645, "epoch": 7, "train/episode": 400.0, "stats_o/std": 0.034287720918655396, "stats_g/std": 0.09890808910131454, "train/success_rate": 0.07599999755620956, "test/mean_Q": -13.204740524291992, "test/success_rate": 0.1300000064074993, "stats_o/mean": 0.20417852699756622}
{"test/episode": 90.0, "stats_g/mean": 0.8542132377624512, "epoch": 8, "train/episode": 450.0, "stats_o/std": 0.034567683935165405, "stats_g/std": 0.09953183680772781, "train/success_rate": 0.08799999952316284, "test/mean_Q": -14.218457221984863, "test/success_rate": 0.09000000283122063, "stats_o/mean": 0.204180046916008}
{"test/episode": 100.0, "stats_g/mean": 0.8543402552604675, "epoch": 9, "train/episode": 500.0, "stats_o/std": 0.034801386296749115, "stats_g/std": 0.09994431585073471, "train/success_rate": 0.11800000816583633, "test/mean_Q": -14.337384223937988, "test/success_rate": 0.13000000715255738, "stats_o/mean": 0.20415446162223816}
{"test/episode": 110.0, "stats_g/mean": 0.854570746421814, "epoch": 10, "train/episode": 550.0, "stats_o/std": 0.03499355912208557, "stats_g/std": 0.10006072372198105, "train/success_rate": 0.1459999978542328, "test/mean_Q": -14.3013916015625, "test/success_rate": 0.20999999344348907, "stats_o/mean": 0.20416593551635742}
{"test/episode": 120.0, "stats_g/mean": 0.8544442057609558, "epoch": 11, "train/episode": 600.0, "stats_o/std": 0.03513205423951149, "stats_g/std": 0.100249744951725, "train/success_rate": 0.1459999978542328, "test/mean_Q": -15.648309707641602, "test/success_rate": 0.21000000238418579, "stats_o/mean": 0.2041124552488327}
{"test/episode": 130.0, "stats_g/mean": 0.8542768359184265, "epoch": 12, "train/episode": 650.0, "stats_o/std": 0.035249486565589905, "stats_g/std": 0.10022421181201935, "train/success_rate": 0.21199998259544373, "test/mean_Q": -14.969500541687012, "test/success_rate": 0.27000001072883606, "stats_o/mean": 0.20407752692699432}
{"test/episode": 140.0, "stats_g/mean": 0.8542712330818176, "epoch": 13, "train/episode": 700.0, "stats_o/std": 0.035374339669942856, "stats_g/std": 0.10031495243310928, "train/success_rate": 0.19600000977516174, "test/mean_Q": -17.004867553710938, "test/success_rate": 0.2199999988079071, "stats_o/mean": 0.2040737122297287}
{"test/episode": 150.0, "stats_g/mean": 0.8541629910469055, "epoch": 14, "train/episode": 750.0, "stats_o/std": 0.03540238365530968, "stats_g/std": 0.10037503391504288, "train/success_rate": 0.25, "test/mean_Q": -14.457499504089355, "test/success_rate": 0.34000000059604646, "stats_o/mean": 0.20403030514717102}
{"test/episode": 160.0, "stats_g/mean": 0.854103684425354, "epoch": 15, "train/episode": 800.0, "stats_o/std": 0.03547808900475502, "stats_g/std": 0.1004381999373436, "train/success_rate": 0.2619999945163727, "test/mean_Q": -17.14605140686035, "test/success_rate": 0.30000001192092896, "stats_o/mean": 0.20400483906269073}
{"test/episode": 170.0, "stats_g/mean": 0.8540617227554321, "epoch": 16, "train/episode": 850.0, "stats_o/std": 0.035578858107328415, "stats_g/std": 0.10055023431777954, "train/success_rate": 0.2919999957084656, "test/mean_Q": -16.477428436279297, "test/success_rate": 0.3400000035762787, "stats_o/mean": 0.20397953689098358}
{"test/episode": 180.0, "stats_g/mean": 0.8540928959846497, "epoch": 17, "train/episode": 900.0, "stats_o/std": 0.03562913089990616, "stats_g/std": 0.10049375146627426, "train/success_rate": 0.3319999873638153, "test/mean_Q": -18.369525909423828, "test/success_rate": 0.3400000035762787, "stats_o/mean": 0.20401330292224884}
{"test/episode": 190.0, "stats_g/mean": 0.8541004061698914, "epoch": 18, "train/episode": 950.0, "stats_o/std": 0.03573447838425636, "stats_g/std": 0.1007939949631691, "train/success_rate": 0.28600001335144043, "test/mean_Q": -15.240008354187012, "test/success_rate": 0.4399999976158142, "stats_o/mean": 0.20401959121227264}
{"test/episode": 200.0, "stats_g/mean": 0.8541257977485657, "epoch": 19, "train/episode": 1000.0, "stats_o/std": 0.0357542484998703, "stats_g/std": 0.10083351284265518, "train/success_rate": 0.3139999806880951, "test/mean_Q": -15.414074897766113, "test/success_rate": 0.44999998807907104, "stats_o/mean": 0.20402589440345764}
{"test/episode": 210.0, "stats_g/mean": 0.854010283946991, "epoch": 20, "train/episode": 1050.0, "stats_o/std": 0.035784002393484116, "stats_g/std": 0.10085626691579819, "train/success_rate": 0.3479999899864197, "test/mean_Q": -16.68480682373047, "test/success_rate": 0.4100000262260437, "stats_o/mean": 0.20401641726493835}
{"test/episode": 220.0, "stats_g/mean": 0.8539986610412598, "epoch": 21, "train/episode": 1100.0, "stats_o/std": 0.035787347704172134, "stats_g/std": 0.10090427100658417, "train/success_rate": 0.37199997901916504, "test/mean_Q": -17.619287490844727, "test/success_rate": 0.38999998569488525, "stats_o/mean": 0.2040393054485321}
{"test/episode": 230.0, "stats_g/mean": 0.8540255427360535, "epoch": 22, "train/episode": 1150.0, "stats_o/std": 0.0357656329870224, "stats_g/std": 0.10105016082525253, "train/success_rate": 0.3720000088214874, "test/mean_Q": -16.755630493164062, "test/success_rate": 0.44999998807907104, "stats_o/mean": 0.2040480673313141}
{"test/episode": 240.0, "stats_g/mean": 0.8543871641159058, "epoch": 23, "train/episode": 1200.0, "stats_o/std": 0.03576387092471123, "stats_g/std": 0.10116703808307648, "train/success_rate": 0.35999998450279236, "test/mean_Q": -16.239253997802734, "test/success_rate": 0.3799999952316284, "stats_o/mean": 0.20413890480995178}
{"test/episode": 250.0, "stats_g/mean": 0.8547506332397461, "epoch": 24, "train/episode": 1250.0, "stats_o/std": 0.035790134221315384, "stats_g/std": 0.10141810029745102, "train/success_rate": 0.38199999928474426,