{"train/episode": 100.0, "test/mean_Q": -2.8834125995635986, "epoch": 0, "stats_o/std": 0.04400409385561943, "stats_g/std": 0.12901146709918976, "stats_o/mean": 0.20443245768547058, "train/success_rate": 0.02800000086426735, "stats_g/mean": 0.8586675524711609, "test/episode": 20.0, "test/success_rate": 0.02500000037252903}
{"train/episode": 200.0, "test/mean_Q": -4.903386116027832, "epoch": 1, "stats_o/std": 0.04235774651169777, "stats_g/std": 0.12816475331783295, "stats_o/mean": 0.20413506031036377, "train/success_rate": 0.025999999418854714, "stats_g/mean": 0.8584378957748413, "test/episode": 40.0, "test/success_rate": 0.030000000447034835}
{"train/episode": 300.0, "test/mean_Q": -6.810935020446777, "epoch": 2, "stats_o/std": 0.04206308722496033, "stats_g/std": 0.129064679145813, "stats_o/mean": 0.20439310371875763, "train/success_rate": 0.023000000789761544, "stats_g/mean": 0.8598186373710632, "test/episode": 60.0, "test/success_rate": 0.02500000037252903}
{"train/episode": 400.0, "test/mean_Q": -8.618902206420898, "epoch": 3, "stats_o/std": 0.042143307626247406, "stats_g/std": 0.1291494220495224, "stats_o/mean": 0.20420518517494202, "train/success_rate": 0.022999999299645423, "stats_g/mean": 0.8593160510063171, "test/episode": 80.0, "test/success_rate": 0.020000000298023225}
{"train/episode": 500.0, "test/mean_Q": -10.478763580322266, "epoch": 4, "stats_o/std": 0.043770939111709595, "stats_g/std": 0.12972795963287354, "stats_o/mean": 0.20416955649852753, "train/success_rate": 0.025999998673796654, "stats_g/mean": 0.8593828082084656, "test/episode": 100.0, "test/success_rate": 0.02500000037252903}
{"train/episode": 600.0, "test/mean_Q": -12.149636268615723, "epoch": 5, "stats_o/std": 0.04625970870256424, "stats_g/std": 0.13144582509994507, "stats_o/mean": 0.20420245826244354, "train/success_rate": 0.030999998934566973, "stats_g/mean": 0.8597413897514343, "test/episode": 120.0, "test/success_rate": 0.02500000037252903}
{"train/episode": 700.0, "test/mean_Q": -13.352330207824707, "epoch": 6, "stats_o/std": 0.047560907900333405, "stats_g/std": 0.13217081129550934, "stats_o/mean": 0.20417961478233337, "train/success_rate": 0.04100000113248825, "stats_g/mean": 0.8600699305534363, "test/episode": 140.0, "test/success_rate": 0.045000001415610315}
{"train/episode": 800.0, "test/mean_Q": -14.515497207641602, "epoch": 7, "stats_o/std": 0.04964334890246391, "stats_g/std": 0.13283011317253113, "stats_o/mean": 0.20411400496959686, "train/success_rate": 0.04399999976158142, "stats_g/mean": 0.860196590423584, "test/episode": 160.0, "test/success_rate": 0.060000001639127734}
{"train/episode": 900.0, "test/mean_Q": -16.188278198242188, "epoch": 8, "stats_o/std": 0.05351271107792854, "stats_g/std": 0.13362042605876923, "stats_o/mean": 0.20395123958587646, "train/success_rate": 0.039000000804662704, "stats_g/mean": 0.860063374042511, "test/episode": 180.0, "test/success_rate": 0.05500000081956387}
{"train/episode": 1000.0, "test/mean_Q": -16.579931259155273, "epoch": 9, "stats_o/std": 0.05692830681800842, "stats_g/std": 0.13423381745815277, "stats_o/mean": 0.2038530856370926, "train/success_rate": 0.046000003814697266, "stats_g/mean": 0.8601250648498535, "test/episode": 200.0, "test/success_rate": 0.055000000074505805}
{"train/episode": 1100.0, "test/mean_Q": -15.385066032409668, "epoch": 10, "stats_o/std": 0.06060659885406494, "stats_g/std": 0.13465116918087006, "stats_o/mean": 0.2038288414478302, "train/success_rate": 0.085999995470047, "stats_g/mean": 0.8604353666305542, "test/episode": 220.0, "test/success_rate": 0.18000000715255737}
{"train/episode": 1200.0, "test/mean_Q": -15.343629837036133, "epoch": 11, "stats_o/std": 0.06408978998661041, "stats_g/std": 0.1350451558828354, "stats_o/mean": 0.2038561999797821, "train/success_rate": 0.13700000941753387, "stats_g/mean": 0.8605526685714722, "test/episode": 240.0, "test/success_rate": 0.2500000298023224}
{"train/episode": 1300.0, "test/mean_Q": -16.893985748291016, "epoch": 12, "stats_o/std": 0.0665387436747551, "stats_g/std": 0.13514705002307892, "stats_o/mean": 0.20376238226890564, "train/success_rate": 0.20100000500679016, "stats_g/mean": 0.8603283762931824, "test/episode": 260.0, "test/success_rate": 0.25}
{"train/episode": 1400.0, "test/mean_Q": -15.098846435546875, "epoch": 13, "stats_o/std": 0.06858013570308685, "stats_g/std": 0.1349812000989914, "stats_o/mean": 0.20370464026927948, "train/success_rate": 0.24799999594688416, "stats_g/mean": 0.8604258298873901, "test/episode": 280.0, "test/success_rate": 0.3300000011920929}
{"train/episode": 1500.0, "test/mean_Q": -15.674413681030273, "epoch": 14, "stats_o/std": 0.07028815150260925, "stats_g/std": 0.13483470678329468, "stats_o/mean": 0.20369985699653625, "train/success_rate": 0.29600000381469727, "stats_g/mean": 0.8601875305175781, "test/episode": 300.0, "test/success_rate": 0.3450000286102295}
{"train/episode": 1600.0, "test/mean_Q": -16.972352981567383, "epoch": 15, "stats_o/std": 0.07188823819160461, "stats_g/std": 0.13491614162921906, "stats_o/mean": 0.20381207764148712, "train/success_rate": 0.2849999964237213, "stats_g/mean": 0.8603202700614929, "test/episode": 320.0, "test/success_rate": 0.32499998807907104}
{"train/episode": 1700.0, "test/mean_Q": -16.334415435791016, "epoch": 16, "stats_o/std": 0.07327274978160858, "stats_g/std": 0.13472063839435577, "stats_o/mean": 0.20375105738639832, "train/success_rate": 0.3190000057220459, "stats_g/mean": 0.8602164387702942, "test/episode": 340.0, "test/success_rate": 0.39500001072883606}
{"train/episode": 1800.0, "test/mean_Q": -18.410755157470703, "epoch": 17, "stats_o/std": 0.07442083209753036, "stats_g/std": 0.13454829156398773, "stats_o/mean": 0.20378467440605164, "train/success_rate": 0.3489999771118164, "stats_g/mean": 0.8603131175041199, "test/episode": 360.0, "test/success_rate": 0.33000001311302185}
{"train/episode": 1900.0, "test/mean_Q": -17.200328826904297, "epoch": 18, "stats_o/std": 0.07533663511276245, "stats_g/std": 0.13456310331821442, "stats_o/mean": 0.2037389576435089, "train/success_rate": 0.3330000042915344, "stats_g/mean": 0.8604015111923218, "test/episode": 380.0, "test/success_rate": 0.4050000309944153}
{"train/episode": 2000.0, "test/mean_Q": -18.69252586364746, "epoch": 19, "stats_o/std": 0.07621327042579651, "stats_g/std": 0.1344720423221588, "stats_o/mean": 0.20373697578907013, "train/success_rate": 0.3570000231266022, "stats_g/mean": 0.8603962659835815, "test/episode": 400.0, "test/success_rate": 0.375}
{"train/episode": 2100.0, "test/mean_Q": -18.401531219482422, "epoch": 20, "stats_o/std": 0.07696624100208282, "stats_g/std": 0.13435696065425873, "stats_o/mean": 0.20373721420764923, "train/success_rate": 0.3530000150203705, "stats_g/mean": 0.8603933453559875, "test/episode": 420.0, "test/success_rate": 0.35999998450279236}
{"train/episode": 2200.0, "test/mean_Q": -16.556550979614258, "epoch": 21, "stats_o/std": 0.07770807296037674, "stats_g/std": 0.13453499972820282, "stats_o/mean": 0.20371928811073303, "train/success_rate": 0.35099998116493225, "stats_g/mean": 0.8604200482368469, "test/episode": 440.0, "test/success_rate": 0.4000000059604645}
{"train/episode": 2300.0, "test/mean_Q": -14.2304048538208, "epoch": 22, "stats_o/std": 0.0785735547542572, "stats_g/std": 0.13480110466480255, "stats_o/mean": 0.20376498997211456, "train/success_rate": 0.3659999966621399, "stats_g/mean": 0.8608136177062988, "test/episode": 460.0, "test/success_rate": 0.5199999809265137}
{"train/episode": 2400.0, "test/mean_Q": -17.51223373413086, "epoch": 23, "stats_o/std": 0.07951276004314423, "stats_g/std": 0.13500933349132538, "stats_o/mean": 0.20378127694129944, "train/success_rate": 0.3449999690055847, "stats_g/mean": 0.8609706163406372, "test/episode": 480.0, "test/success_rate": 0.4150000214576721}
{"train/episode": 2500.0, "test/mean_Q": -16.282123565673828, "epoch": 24, "stats_o/std": 0.08041515946388245, "stats_g/std": 0.13513922691345215, "stats_o/mean": 0.20375819504261017,