{"test/mean_Q": -3.0074119567871094, "stats_o/mean": 0.20413124561309814, "epoch": 0, "stats_g/mean": 0.8527175188064575, "train/episode": 100.0, "test/success_rate": 0.015000000223517418, "stats_o/std": 0.03484762832522392, "test/episode": 20.0, "stats_g/std": 0.09938284009695053, "train/success_rate": 0.023999999463558196}
{"test/mean_Q": -4.878842830657959, "stats_o/mean": 0.20396840572357178, "epoch": 1, "stats_g/mean": 0.8529403805732727, "train/episode": 200.0, "test/success_rate": 0.05000000111758709, "stats_o/std": 0.035005468875169754, "test/episode": 40.0, "stats_g/std": 0.097764752805233, "train/success_rate": 0.03399999812245369}
{"test/mean_Q": -6.697152137756348, "stats_o/mean": 0.20384211838245392, "epoch": 2, "stats_g/mean": 0.8529303669929504, "train/episode": 300.0, "test/success_rate": 0.05000000149011612, "stats_o/std": 0.035511314868927, "test/episode": 60.0, "stats_g/std": 0.09782346338033676, "train/success_rate": 0.03699999898672104}
{"test/mean_Q": -8.713930130004883, "stats_o/mean": 0.20386216044425964, "epoch": 3, "stats_g/mean": 0.8527585864067078, "train/episode": 400.0, "test/success_rate": 0.04000000059604645, "stats_o/std": 0.036441050469875336, "test/episode": 80.0, "stats_g/std": 0.09878695756196976, "train/success_rate": 0.020999999716877937}
{"test/mean_Q": -9.793386459350586, "stats_o/mean": 0.2038767784833908, "epoch": 4, "stats_g/mean": 0.8527477383613586, "train/episode": 500.0, "test/success_rate": 0.08500000312924386, "stats_o/std": 0.0382818728685379, "test/episode": 100.0, "stats_g/std": 0.10007844120264053, "train/success_rate": 0.044999998062849045}
{"test/mean_Q": -11.059616088867188, "stats_o/mean": 0.20392608642578125, "epoch": 5, "stats_g/mean": 0.8532289266586304, "train/episode": 600.0, "test/success_rate": 0.10500000305473804, "stats_o/std": 0.03919616714119911, "test/episode": 120.0, "stats_g/std": 0.10088930279016495, "train/success_rate": 0.05900000408291817}
{"test/mean_Q": -12.221128463745117, "stats_o/mean": 0.20412805676460266, "epoch": 6, "stats_g/mean": 0.8537111282348633, "train/episode": 700.0, "test/success_rate": 0.0950000036507845, "stats_o/std": 0.04063686728477478, "test/episode": 140.0, "stats_g/std": 0.10172905772924423, "train/success_rate": 0.07000000029802322}
{"test/mean_Q": -12.71727180480957, "stats_o/mean": 0.20412763953208923, "epoch": 7, "stats_g/mean": 0.853508472442627, "train/episode": 800.0, "test/success_rate": 0.16500000655651093, "stats_o/std": 0.041392311453819275, "test/episode": 160.0, "stats_g/std": 0.10231375694274902, "train/success_rate": 0.09700000286102295}
{"test/mean_Q": -13.91948413848877, "stats_o/mean": 0.2041451632976532, "epoch": 8, "stats_g/mean": 0.8533827662467957, "train/episode": 900.0, "test/success_rate": 0.14500000178813935, "stats_o/std": 0.042784593999385834, "test/episode": 180.0, "stats_g/std": 0.10317470878362656, "train/success_rate": 0.13699999451637268}
{"test/mean_Q": -13.92222785949707, "stats_o/mean": 0.20409831404685974, "epoch": 9, "stats_g/mean": 0.8533042669296265, "train/episode": 1000.0, "test/success_rate": 0.20000000298023224, "stats_o/std": 0.043858934193849564, "test/episode": 200.0, "stats_g/std": 0.10366016626358032, "train/success_rate": 0.15799999237060547}
{"test/mean_Q": -14.267034530639648, "stats_o/mean": 0.2040722668170929, "epoch": 10, "stats_g/mean": 0.85307776927948, "train/episode": 1100.0, "test/success_rate": 0.25999999046325684, "stats_o/std": 0.04456042870879173, "test/episode": 220.0, "stats_g/std": 0.10407914221286774, "train/success_rate": 0.1900000125169754}
{"test/mean_Q": -14.328636169433594, "stats_o/mean": 0.20406082272529602, "epoch": 11, "stats_g/mean": 0.8529132008552551, "train/episode": 1200.0, "test/success_rate": 0.3050000071525574, "stats_o/std": 0.045336928218603134, "test/episode": 240.0, "stats_g/std": 0.10438022762537003, "train/success_rate": 0.23800000548362732}
{"test/mean_Q": -14.545541763305664, "stats_o/mean": 0.20402753353118896, "epoch": 12, "stats_g/mean": 0.8528841137886047, "train/episode": 1300.0, "test/success_rate": 0.3349999785423279, "stats_o/std": 0.04666503891348839, "test/episode": 260.0, "stats_g/std": 0.10532736778259277, "train/success_rate": 0.26099997758865356}
{"test/mean_Q": -16.521011352539062, "stats_o/mean": 0.20404238998889923, "epoch": 13, "stats_g/mean": 0.8529200553894043, "train/episode": 1400.0, "test/success_rate": 0.2449999749660492, "stats_o/std": 0.04748727008700371, "test/episode": 280.0, "stats_g/std": 0.10552290827035904, "train/success_rate": 0.31300002336502075}
{"test/mean_Q": -15.13916301727295, "stats_o/mean": 0.20405593514442444, "epoch": 14, "stats_g/mean": 0.853227972984314, "train/episode": 1500.0, "test/success_rate": 0.36500000953674316, "stats_o/std": 0.04819759353995323, "test/episode": 300.0, "stats_g/std": 0.10586557537317276, "train/success_rate": 0.2879999876022339}
{"test/mean_Q": -14.353848457336426, "stats_o/mean": 0.20407076179981232, "epoch": 15, "stats_g/mean": 0.8533233404159546, "train/episode": 1600.0, "test/success_rate": 0.41999998688697815, "stats_o/std": 0.04869242012500763, "test/episode": 320.0, "stats_g/std": 0.10615630447864532, "train/success_rate": 0.30900001525878906}
{"test/mean_Q": -15.389007568359375, "stats_o/mean": 0.2040005475282669, "epoch": 16, "stats_g/mean": 0.8532498478889465, "train/episode": 1700.0, "test/success_rate": 0.39000001549720764, "stats_o/std": 0.049208831042051315, "test/episode": 340.0, "stats_g/std": 0.10657396167516708, "train/success_rate": 0.33799999952316284}
{"test/mean_Q": -13.578442573547363, "stats_o/mean": 0.2039497345685959, "epoch": 17, "stats_g/mean": 0.8532769083976746, "train/episode": 1800.0, "test/success_rate": 0.4749999940395355, "stats_o/std": 0.04952777922153473, "test/episode": 360.0, "stats_g/std": 0.10712770372629166, "train/success_rate": 0.31300002336502075}
{"test/mean_Q": -14.574577331542969, "stats_o/mean": 0.20395317673683167, "epoch": 18, "stats_g/mean": 0.8534800410270691, "train/episode": 1900.0, "test/success_rate": 0.4150000214576721, "stats_o/std": 0.04976797476410866, "test/episode": 380.0, "stats_g/std": 0.10759512335062027, "train/success_rate": 0.3370000123977661}
{"test/mean_Q": -14.394831657409668, "stats_o/mean": 0.203969806432724, "epoch": 19, "stats_g/mean": 0.8537885546684265, "train/episode": 2000.0, "test/success_rate": 0.39499998092651367, "stats_o/std": 0.0500873439013958, "test/episode": 400.0, "stats_g/std": 0.10827723890542984, "train/success_rate": 0.33400002121925354}
{"test/mean_Q": -11.606481552124023, "stats_o/mean": 0.2039753496646881, "epoch": 20, "stats_g/mean": 0.8539627194404602, "train/episode": 2100.0, "test/success_rate": 0.4749999940395355, "stats_o/std": 0.050407521426677704, "test/episode": 420.0, "stats_g/std": 0.10878920555114746, "train/success_rate": 0.3869999945163727}
{"test/mean_Q": -10.560321807861328, "stats_o/mean": 0.20405349135398865, "epoch": 21, "stats_g/mean": 0.8541879653930664, "train/episode": 2200.0, "test/success_rate": 0.5849999785423279, "stats_o/std": 0.05061696097254753, "test/episode": 440.0, "stats_g/std": 0.10928734391927719, "train/success_rate": 0.35899999737739563}
{"test/mean_Q": -10.854571342468262, "stats_o/mean": 0.2040824592113495, "epoch": 22, "stats_g/mean": 0.8542283773422241, "train/episode": 2300.0, "test/success_rate": 0.5449999570846558, "stats_o/std": 0.05062658339738846, "test/episode": 460.0, "stats_g/std": 0.10963646322488785, "train/success_rate": 0.37599998712539673}
{"test/mean_Q": -10.080390930175781, "stats_o/mean": 0.20411255955696106, "epoch": 23, "stats_g/mean": 0.8543323278427124, "train/episode": 2400.0, "test/success_rate": 0.5699999928474426, "stats_o/std": 0.050624895840883255, "test/episode": 480.0, "stats_g/std": 0.10985015332698822, "train/success_rate": 0.3880000114440918}
{"test/mean_Q": -10.72386646270752, "stats_o/mean": 0.204229474067688, "epoch": 24, "stats_g/mean": 0.8546690940856934, "train/episode": 2500.0,