{"epoch": 0, "train/success_rate": 0.020999999716877937, "stats_o/mean": 0.2038622349500656, "test/success_rate": 0.030000000447034835, "train/episode": 100.0, "test/mean_Q": -2.718776226043701, "stats_o/std": 0.03853054717183113, "stats_g/std": 0.12410559505224228, "test/episode": 20.0, "stats_g/mean": 0.8608545064926147}
{"epoch": 1, "train/success_rate": 0.036000002175569534, "stats_o/mean": 0.20410564541816711, "test/success_rate": 0.020000000298023225, "train/episode": 200.0, "test/mean_Q": -4.791141033172607, "stats_o/std": 0.03772679343819618, "stats_g/std": 0.12375491857528687, "test/episode": 40.0, "stats_g/mean": 0.8620006442070007}
{"epoch": 2, "train/success_rate": 0.032999999821186066, "stats_o/mean": 0.20418977737426758, "test/success_rate": 0.04000000096857548, "train/episode": 300.0, "test/mean_Q": -6.627632141113281, "stats_o/std": 0.038931041955947876, "stats_g/std": 0.1257985383272171, "test/episode": 60.0, "stats_g/mean": 0.8630003929138184}
{"epoch": 3, "train/success_rate": 0.04499999918043614, "stats_o/mean": 0.2040793001651764, "test/success_rate": 0.125, "train/episode": 400.0, "test/mean_Q": -7.602892875671387, "stats_o/std": 0.040973711758852005, "stats_g/std": 0.12796181440353394, "test/episode": 80.0, "stats_g/mean": 0.8629509806632996}
{"epoch": 4, "train/success_rate": 0.08300000429153442, "stats_o/mean": 0.2039467990398407, "test/success_rate": 0.13000000566244124, "train/episode": 500.0, "test/mean_Q": -9.109098434448242, "stats_o/std": 0.0425766259431839, "stats_g/std": 0.12896519899368286, "test/episode": 100.0, "stats_g/mean": 0.8620083928108215}
{"epoch": 5, "train/success_rate": 0.14000001549720764, "stats_o/mean": 0.20388486981391907, "test/success_rate": 0.17499999701976776, "train/episode": 600.0, "test/mean_Q": -9.590932846069336, "stats_o/std": 0.04336697235703468, "stats_g/std": 0.12976448237895966, "test/episode": 120.0, "stats_g/mean": 0.861798882484436}
{"epoch": 6, "train/success_rate": 0.18799999356269836, "stats_o/mean": 0.20388467609882355, "test/success_rate": 0.22999998927116394, "train/episode": 700.0, "test/mean_Q": -10.823335647583008, "stats_o/std": 0.04415446147322655, "stats_g/std": 0.1308661699295044, "test/episode": 140.0, "stats_g/mean": 0.8618454933166504}
{"epoch": 7, "train/success_rate": 0.2019999921321869, "stats_o/mean": 0.20382900536060333, "test/success_rate": 0.24500000476837158, "train/episode": 800.0, "test/mean_Q": -11.457297325134277, "stats_o/std": 0.04436083883047104, "stats_g/std": 0.1306123286485672, "test/episode": 160.0, "stats_g/mean": 0.8614710569381714}
{"epoch": 8, "train/success_rate": 0.23899999260902405, "stats_o/mean": 0.20386818051338196, "test/success_rate": 0.3700000047683716, "train/episode": 900.0, "test/mean_Q": -11.276205062866211, "stats_o/std": 0.044843487441539764, "stats_g/std": 0.13056014478206635, "test/episode": 180.0, "stats_g/mean": 0.8613622784614563}
{"epoch": 9, "train/success_rate": 0.26200002431869507, "stats_o/mean": 0.20382627844810486, "test/success_rate": 0.3400000035762787, "train/episode": 1000.0, "test/mean_Q": -12.516443252563477, "stats_o/std": 0.04515647515654564, "stats_g/std": 0.13070672750473022, "test/episode": 200.0, "stats_g/mean": 0.8611037135124207}
{"epoch": 10, "train/success_rate": 0.29600000381469727, "stats_o/mean": 0.20384497940540314, "test/success_rate": 0.445000022649765, "train/episode": 1100.0, "test/mean_Q": -11.568735122680664, "stats_o/std": 0.04516611620783806, "stats_g/std": 0.13021300733089447, "test/episode": 220.0, "stats_g/mean": 0.8610748052597046}
{"epoch": 11, "train/success_rate": 0.32899999618530273, "stats_o/mean": 0.20383861660957336, "test/success_rate": 0.42500001192092896, "train/episode": 1200.0, "test/mean_Q": -12.330162048339844, "stats_o/std": 0.04520969092845917, "stats_g/std": 0.129613995552063, "test/episode": 240.0, "stats_g/mean": 0.8607131838798523}
{"epoch": 12, "train/success_rate": 0.30699998140335083, "stats_o/mean": 0.20390169322490692, "test/success_rate": 0.48000001907348633, "train/episode": 1300.0, "test/mean_Q": -12.407574653625488, "stats_o/std": 0.04527582228183746, "stats_g/std": 0.12952733039855957, "test/episode": 260.0, "stats_g/mean": 0.8608726263046265}
{"epoch": 13, "train/success_rate": 0.36900001764297485, "stats_o/mean": 0.20390334725379944, "test/success_rate": 0.4099999964237213, "train/episode": 1400.0, "test/mean_Q": -14.619529724121094, "stats_o/std": 0.04547245800495148, "stats_g/std": 0.12906257808208466, "test/episode": 280.0, "stats_g/mean": 0.8606093525886536}
{"epoch": 14, "train/success_rate": 0.32899999618530273, "stats_o/mean": 0.20397111773490906, "test/success_rate": 0.4449999928474426, "train/episode": 1500.0, "test/mean_Q": -13.321725845336914, "stats_o/std": 0.04569283872842789, "stats_g/std": 0.129178985953331, "test/episode": 300.0, "stats_g/mean": 0.8610329627990723}
{"epoch": 15, "train/success_rate": 0.359000027179718, "stats_o/mean": 0.20399978756904602, "test/success_rate": 0.5049999952316284, "train/episode": 1600.0, "test/mean_Q": -12.680658340454102, "stats_o/std": 0.04579244554042816, "stats_g/std": 0.12922067940235138, "test/episode": 320.0, "stats_g/mean": 0.861201286315918}
{"epoch": 16, "train/success_rate": 0.3449999988079071, "stats_o/mean": 0.20402494072914124, "test/success_rate": 0.47999995946884155, "train/episode": 1700.0, "test/mean_Q": -14.345654487609863, "stats_o/std": 0.04573540389537811, "stats_g/std": 0.12914420664310455, "test/episode": 340.0, "stats_g/mean": 0.8613983988761902}
{"epoch": 17, "train/success_rate": 0.3919999897480011, "stats_o/mean": 0.20408065617084503, "test/success_rate": 0.5049999952316284, "train/episode": 1800.0, "test/mean_Q": -13.865984916687012, "stats_o/std": 0.045848723500967026, "stats_g/std": 0.12911048531532288, "test/episode": 360.0, "stats_g/mean": 0.8615710139274597}
{"epoch": 18, "train/success_rate": 0.4090000092983246, "stats_o/mean": 0.20409610867500305, "test/success_rate": 0.48499995470046997, "train/episode": 1900.0, "test/mean_Q": -15.420865058898926, "stats_o/std": 0.04588336497545242, "stats_g/std": 0.1290290802717209, "test/episode": 380.0, "stats_g/mean": 0.8615144491195679}
{"epoch": 19, "train/success_rate": 0.35899999737739563, "stats_o/mean": 0.20408928394317627, "test/success_rate": 0.45500001311302185, "train/episode": 2000.0, "test/mean_Q": -16.11551284790039, "stats_o/std": 0.04591323807835579, "stats_g/std": 0.1290823221206665, "test/episode": 400.0, "stats_g/mean": 0.8615365028381348}
{"epoch": 20, "train/success_rate": 0.40799999237060547, "stats_o/mean": 0.20408055186271667, "test/success_rate": 0.5800000429153442, "train/episode": 2100.0, "test/mean_Q": -13.476475715637207, "stats_o/std": 0.045955825597047806, "stats_g/std": 0.12914694845676422, "test/episode": 420.0, "stats_g/mean": 0.861613929271698}
{"epoch": 21, "train/success_rate": 0.4360000193119049, "stats_o/mean": 0.20407316088676453, "test/success_rate": 0.550000011920929, "train/episode": 2200.0, "test/mean_Q": -15.399972915649414, "stats_o/std": 0.04598236456513405, "stats_g/std": 0.12903271615505219, "test/episode": 440.0, "stats_g/mean": 0.8615198135375977}
{"epoch": 22, "train/success_rate": 0.3929999768733978, "stats_o/mean": 0.2040681391954422, "test/success_rate": 0.5449999570846558, "train/episode": 2300.0, "test/mean_Q": -15.737744331359863, "stats_o/std": 0.046014927327632904, "stats_g/std": 0.1290353238582611, "test/episode": 460.0, "stats_g/mean": 0.8615056872367859}
{"epoch": 23, "train/success_rate": 0.3879999816417694, "stats_o/mean": 0.2040892392396927, "test/success_rate": 0.5550000071525574, "train/episode": 2400.0, "test/mean_Q": -15.137995719909668, "stats_o/std": 0.045994482934474945, "stats_g/std": 0.12884782254695892, "test/episode": 480.0, "stats_g/mean": 0.8615461587905884}
{"epoch": 24, "train/success_rate": 0.4130000174045563, "stats_o/mean": 0.20410457253456116, "test/success_rate": 0.5049999952316284, "train/episode": 2500.0, "test/mean_Q": -17.8945369720459,