{"epoch": 0, "test/mean_Q": -2.8322930335998535, "stats_o/mean": 0.20409533381462097, "train/success_rate": 0.029999999701976775, "test/episode": 10.0, "train/episode": 50.0, "test/success_rate": 0.04000000059604645, "stats_g/std": 0.10176825523376465, "stats_o/std": 0.043755367398262024, "stats_g/mean": 0.8537715077400208}
{"epoch": 1, "test/mean_Q": -4.792848110198975, "stats_o/mean": 0.20384982228279114, "train/success_rate": 0.025999999418854714, "test/episode": 20.0, "train/episode": 100.0, "test/success_rate": 0.030000000447034835, "stats_g/std": 0.09966405481100082, "stats_o/std": 0.04205048084259033, "stats_g/mean": 0.8537179827690125}
{"epoch": 2, "test/mean_Q": -6.625230312347412, "stats_o/mean": 0.2039884626865387, "train/success_rate": 0.02799999937415123, "test/episode": 30.0, "train/episode": 150.0, "test/success_rate": 0.04000000059604645, "stats_g/std": 0.09938450902700424, "stats_o/std": 0.04238554835319519, "stats_g/mean": 0.8542125821113586}
{"epoch": 3, "test/mean_Q": -8.338202476501465, "stats_o/mean": 0.20392969250679016, "train/success_rate": 0.031999998912215236, "test/episode": 40.0, "train/episode": 200.0, "test/success_rate": 0.05000000074505806, "stats_g/std": 0.09915173053741455, "stats_o/std": 0.04422383010387421, "stats_g/mean": 0.8544510006904602}
{"epoch": 4, "test/mean_Q": -9.668235778808594, "stats_o/mean": 0.20398135483264923, "train/success_rate": 0.02799999937415123, "test/episode": 50.0, "train/episode": 250.0, "test/success_rate": 0.08000000193715096, "stats_g/std": 0.09947685152292252, "stats_o/std": 0.04555889591574669, "stats_g/mean": 0.8542186617851257}
{"epoch": 5, "test/mean_Q": -11.320009231567383, "stats_o/mean": 0.2039506882429123, "train/success_rate": 0.05200000070035458, "test/episode": 60.0, "train/episode": 300.0, "test/success_rate": 0.07000000178813934, "stats_g/std": 0.0998888835310936, "stats_o/std": 0.0474126823246479, "stats_g/mean": 0.8538225889205933}
{"epoch": 6, "test/mean_Q": -13.101158142089844, "stats_o/mean": 0.20394925773143768, "train/success_rate": 0.03399999998509884, "test/episode": 70.0, "train/episode": 350.0, "test/success_rate": 0.040000001341104506, "stats_g/std": 0.10048799216747284, "stats_o/std": 0.05003683641552925, "stats_g/mean": 0.8536040186882019}
{"epoch": 7, "test/mean_Q": -14.421154975891113, "stats_o/mean": 0.2040913999080658, "train/success_rate": 0.06600000038743019, "test/episode": 80.0, "train/episode": 400.0, "test/success_rate": 0.040000001341104506, "stats_g/std": 0.1016431599855423, "stats_o/std": 0.053342901170253754, "stats_g/mean": 0.8537127375602722}
{"epoch": 8, "test/mean_Q": -14.25615406036377, "stats_o/mean": 0.20414070785045624, "train/success_rate": 0.07399999983608722, "test/episode": 90.0, "train/episode": 450.0, "test/success_rate": 0.08000000044703484, "stats_g/std": 0.1024969220161438, "stats_o/std": 0.0559636726975441, "stats_g/mean": 0.8537205457687378}
{"epoch": 9, "test/mean_Q": -16.013591766357422, "stats_o/mean": 0.2041492462158203, "train/success_rate": 0.06399999558925629, "test/episode": 100.0, "train/episode": 500.0, "test/success_rate": 0.060000001639127734, "stats_g/std": 0.10333341360092163, "stats_o/std": 0.05742491036653519, "stats_g/mean": 0.8533059358596802}
{"epoch": 10, "test/mean_Q": -16.209308624267578, "stats_o/mean": 0.20426654815673828, "train/success_rate": 0.0539999969303608, "test/episode": 110.0, "train/episode": 550.0, "test/success_rate": 0.0800000011920929, "stats_g/std": 0.10363447666168213, "stats_o/std": 0.058693401515483856, "stats_g/mean": 0.8532232046127319}
{"epoch": 11, "test/mean_Q": -17.375205993652344, "stats_o/mean": 0.20433345437049866, "train/success_rate": 0.07599999941885471, "test/episode": 120.0, "train/episode": 600.0, "test/success_rate": 0.07000000178813934, "stats_g/std": 0.10436811298131943, "stats_o/std": 0.06019514054059982, "stats_g/mean": 0.853289008140564}
{"epoch": 12, "test/mean_Q": -17.797529220581055, "stats_o/mean": 0.20438024401664734, "train/success_rate": 0.07400000095367432, "test/episode": 130.0, "train/episode": 650.0, "test/success_rate": 0.08000000268220901, "stats_g/std": 0.10483435541391373, "stats_o/std": 0.06153300404548645, "stats_g/mean": 0.8533703088760376}
{"epoch": 13, "test/mean_Q": -18.02138900756836, "stats_o/mean": 0.20445048809051514, "train/success_rate": 0.09399999678134918, "test/episode": 140.0, "train/episode": 700.0, "test/success_rate": 0.06000000089406967, "stats_g/std": 0.10507545620203018, "stats_o/std": 0.06334918737411499, "stats_g/mean": 0.8533772230148315}
{"epoch": 14, "test/mean_Q": -19.12259864807129, "stats_o/mean": 0.20450155436992645, "train/success_rate": 0.10199999809265137, "test/episode": 150.0, "train/episode": 750.0, "test/success_rate": 0.0800000011920929, "stats_g/std": 0.1051865816116333, "stats_o/std": 0.06479760259389877, "stats_g/mean": 0.8532687425613403}
{"epoch": 15, "test/mean_Q": -19.598764419555664, "stats_o/mean": 0.20454248785972595, "train/success_rate": 0.08799999207258224, "test/episode": 160.0, "train/episode": 800.0, "test/success_rate": 0.1100000023841858, "stats_g/std": 0.10527576506137848, "stats_o/std": 0.06576904654502869, "stats_g/mean": 0.853540301322937}
{"epoch": 16, "test/mean_Q": -18.316898345947266, "stats_o/mean": 0.20462901890277863, "train/success_rate": 0.10999999940395355, "test/episode": 170.0, "train/episode": 850.0, "test/success_rate": 0.13999999985098838, "stats_g/std": 0.10521577298641205, "stats_o/std": 0.06630968302488327, "stats_g/mean": 0.8537424206733704}
{"epoch": 17, "test/mean_Q": -20.243881225585938, "stats_o/mean": 0.20450928807258606, "train/success_rate": 0.10199999809265137, "test/episode": 180.0, "train/episode": 900.0, "test/success_rate": 0.17000000402331353, "stats_g/std": 0.10504229366779327, "stats_o/std": 0.06696505099534988, "stats_g/mean": 0.8535016775131226}
{"epoch": 18, "test/mean_Q": -22.453025817871094, "stats_o/mean": 0.20458288490772247, "train/success_rate": 0.09800000488758087, "test/episode": 190.0, "train/episode": 950.0, "test/success_rate": 0.13000000193715094, "stats_g/std": 0.1048465371131897, "stats_o/std": 0.06744876503944397, "stats_g/mean": 0.8537033200263977}
{"epoch": 19, "test/mean_Q": -20.3927001953125, "stats_o/mean": 0.2045099437236786, "train/success_rate": 0.12799999117851257, "test/episode": 200.0, "train/episode": 1000.0, "test/success_rate": 0.17000000178813934, "stats_g/std": 0.10501370579004288, "stats_o/std": 0.06859251856803894, "stats_g/mean": 0.8537561297416687}
{"epoch": 20, "test/mean_Q": -21.14556884765625, "stats_o/mean": 0.20456621050834656, "train/success_rate": 0.13199999928474426, "test/episode": 210.0, "train/episode": 1050.0, "test/success_rate": 0.13000000268220901, "stats_g/std": 0.10492181777954102, "stats_o/std": 0.06931239366531372, "stats_g/mean": 0.8537492752075195}
{"epoch": 21, "test/mean_Q": -21.939950942993164, "stats_o/mean": 0.20453090965747833, "train/success_rate": 0.15400001406669617, "test/episode": 220.0, "train/episode": 1100.0, "test/success_rate": 0.17000000327825546, "stats_g/std": 0.10508644580841064, "stats_o/std": 0.07003643363714218, "stats_g/mean": 0.8536564111709595}
{"epoch": 22, "test/mean_Q": -21.208724975585938, "stats_o/mean": 0.2046421468257904, "train/success_rate": 0.17399999499320984, "test/episode": 230.0, "train/episode": 1150.0, "test/success_rate": 0.21000000312924386, "stats_g/std": 0.10523471981287003, "stats_o/std": 0.07073681056499481, "stats_g/mean": 0.853659987449646}
{"epoch": 23, "test/mean_Q": -22.325223922729492, "stats_o/mean": 0.20467981696128845, "train/success_rate": 0.22599999606609344, "test/episode": 240.0, "train/episode": 1200.0, "test/success_rate": 0.1500000037252903, "stats_g/std": 0.10525548458099365, "stats_o/std": 0.07171447575092316, "stats_g/mean": 0.853610634803772}
{"epoch": 24, "test/mean_Q": -25.353408813476562, "stats_o/mean": 0.20468731224536896, "train/success_rate": 0.20600000023841858, "test/episode": 250.0, "train/episode": 1250.0,